Workbook

Sheet ЕЖЕДНЕВНЫЙ УЧЕТ
A1: Дата: | B1: =TODAY() -> 46139 | G1: Итого рабочих в списке
A2: Организация | C2: ВелесстройМонтаж | G2: =SUBTOTAL(3,E:E)-1-L1 -> 13680 | H2: =G2=(СВОД!F27+СВОД!H27) -> TRUE
A5: № | B5: Регион | C5: Площадка | D5: Табельный номер | E5: ФИО | F5: Дата рождения | G5: Гражданство | H5: Серия | I5: Паспорт | J5: Фактическая должность | K5: Участок/Отдел | L5: ВИЗА | M5: Вид визы | N5: Регион | O5: Срок до | P5: Въезд в РФ/Прием на работу
A6: 1 | B6: Амурский | C6: Амурский ГПЗ АСН | D6: МВ-0006869 | E6: Дьячков Виталий Дмитриевич | F6: 35424 | G6: РОССИЯ | H6: 10 17 | I6: 529508 | J6: Ведущий геодезист | K6: АУП | P6: 45845 | Q6: =IFERROR(VLOOKUP(J6,Настройка!$C$4:$E$121,2,),"Ошибка") -> ITR
A7: 2 | B7: Амурский | C7: Амурский ГПЗ АСН | D7: МВ-0008215 | E7: Магонов Иван Андреевич | F7: 33434 | G7: РОССИЯ | H7: 10 11 | I7: 267593 | J7: Ведущий инженер ПТО | K7: АУП | P7: 45947 | Q7: =IFERROR(VLOOKUP(J7,Настройка!$C$4:$E$121,2,),"Ошибка") -> ITR
A8: 3 | B8: Амурский | C8: Амурский ГПЗ АСН | D8: МВ-0001964 | E8: Криворотов Вячеслав Сергеевич | F8: 37526 | G8: РОССИЯ | H8: 52 22 | I8: 163000 | J8: Ведущий инженер ПТО | K8: АУП | P8: 46050 | Q8: =IFERROR(VLOOKUP(J8,Настройка!$C$4:$E$121,2,),"Ошибка") -> ITR
A9: 4 | B9: Амурский | C9: Амурский ГПЗ АСН | D9: МВ-0006961 | E9: Волкова Наталья Геннадиевна | F9: 27207 | G9: РОССИЯ | H9: 60 19 | I9: 600319 | J9: Заместитель начальника склада | K9: ВП и НП | P9: 46055 | Q9: =IFERROR(VLOOKUP(J9,Настройка!$C$4:$E$121,2,),"Ошибка") -> ITR
A10: 5 | B10: Амурский | C10: Амурский ГПЗ АСН | D10: ВМ-0103313 | E10: Клешич Никола | F10: 33225 | G10: СЕРБИЯ | I10: 013482408 | J10: Руководитель объекта | K10: АУП | L10: Рабочая | M10: Многократная | N10: Москва | O10: 46984 | P10: 46063 | Q10: =IFERROR(VLOOKUP(J10,Настройка!$C$4:$E$121,2,),"Ошибка") -> ITR
A11: 6 | B11: Амурский | C11: Амурский ГПЗ АСН | D11: МВ-0006757 | E11: Бекетова Анастасия Геннадьевна | F11: 34468 | G11: РОССИЯ | H11: 40 14 | I11: 053265 | J11: Ведущий инженер ПТО | K11: АУП | P11: 46068 | Q11: =IFERROR(VLOOKUP(J11,Настройка!$C$4:$E$121,2,),"Ошибка") -> ITR
A12: 7 | B12: Амурский | C12: Амурский ГПЗ АСН | D12: ВМ-0108424 | E12: Дыбов Александр Валерьевич | F12: 32184 | G12: РОССИЯ | H12: 18 23 | I12: 991201 | J12: Ведущий инженер ПТО | K12: АУП | P12: 46010 | Q12: =IFERROR(VLOOKUP(J12,Настройка!$C$4:$E$121,2,),"Ошибка") -> ITR
A13: 8 | B13: Амурский | C13: Амурский ГПЗ АСН | D13: МВ-0006441 | E13: Фесенко Максим | F13: 32527 | G13: КАЗАХСТАН | H13: 83 | I13: 1032328 | J13: Кладовщик | K13: ВП и НП | P13: 46105 | Q13: =IFERROR(VLOOKUP(J13,Настройка!$C$4:$E$121,2,),"Ошибка") -> ITR
A14: 9 | B14: Амурский | C14: Амурский ГПЗ АСН | D14: МВ-0010005 | E14: Ашуров Женишбек Абдыкаппарович | F14: 31176 | G14: КИРГИЗИЯ | H14: ID | I14: 2914991 | J14: Антикоррозийщик | K14: Участок АКЗ | P14: 46105 | Q14: =IFERROR(VLOOKUP(J14,Настройка!$C$4:$E$121,2,),"Ошибка") -> R
A15: 10 | B15: Амурский | C15: Амурский ГПЗ АСН | D15: МВ-0010007 | E15: Базаркулов Акылбек Арзикулович | F15: 28809 | G15: КИРГИЗИЯ | H15: ID | I15: 2543422 | J15: Антикоррозийщик | K15: Участок АКЗ | P15: 46105 | Q15: =IFERROR(VLOOKUP(J15,Настройка!$C$4:$E$121,2,),"Ошибка") -> R
A16: 11 | B16: Амурский | C16: Амурский ГПЗ АСН | D16: МВ-0010008 | E16: Бакбур Уулу Бексултан | F16: 33638 | G16: КИРГИЗИЯ | H16: AC | I16: 2859254 | J16: Антикоррозийщик | K16: Участок АКЗ | P16: 46105 | Q16: =IFERROR(VLOOKUP(J16,Настройка!$C$4:$E$121,2,),"Ошибка") -> R
A17: 12 | B17: Амурский | C17: Амурский ГПЗ АСН | D17: МВ-0010009 | E17: Бакиев Адылбек Усупжанович | F17: 29641 | G17: КИРГИЗИЯ | H17: ID | I17: 3151461 | J17: Антикоррозийщик | K17: Участок АКЗ | P17: 46105 | Q17: =IFERROR(VLOOKUP(J17,Настройка!$C$4:$E$121,2,),"Ошибка") -> R
A18: 13 | B18: Амурский | C18: Амурский ГПЗ АСН | D18: МВ-0010011 | E18: Бакиев Расулжан Усупжанович | F18: 31496 | G18: КИРГИЗИЯ | H18: ID | I18: 0253742 | J18: Антикоррозийщик | K18: Участок АКЗ | P18: 46105 | Q18: =IFERROR(VLOOKUP(J18,Настройка!$C$4:$E$121,2,),"Ошибка") -> R
A19: 14 | B19: Амурский | C19: Амурский ГПЗ АСН | D19: МВ-0010012 | E19: Бакиев Рустамбек Усупжанович | F19: 30389 | G19: КИРГИЗИЯ | H19: ID | I19: 1047523 | J19: Антикоррозийщик | K19: Участок АКЗ | P19: 46105 | Q19: =IFERROR(VLOOKUP(J19,Настройка!$C$4:$E$121,2,),"Ошибка") -> R
A20: 15 | B20: Амурский | C20: Амурский ГПЗ АСН | D20: МВ-0010014 | E20: Борукулов Сталбек Бегалыевич | F20: 32159 | G20: КИРГИЗИЯ | H20: ID | I20: 2934482 | J20: Антикоррозийщик | K20: Участок АКЗ | P20: 46105 | Q20: =IFERROR(VLOOKUP(J20,Настройка!$C$4:$E$121,2,),"Ошибка") -> R
A21: 16 | B21: Амурский | C21: Амурский ГПЗ АСН | D21: МВ-0010016 | E21: Буамырзаев Хаятбек Уркунбаевич | F21: 31253 | G21: КИРГИЗИЯ | H21: ID | I21: 4297954 | J21: Антикоррозийщик | K21: Участок АКЗ | P21: 46105 | Q21: =IFERROR(VLOOKUP(J21,Настройка!$C$4:$E$121,2,),"Ошибка") -> R
A22: 17 | B22: Амурский | C22: Амурский ГПЗ АСН | D22: МВ-0010017 | E22: Далибоев Женишбек | F22: 33003 | G22: КИРГИЗИЯ | H22: AC | I22: 4407655 | J22: Антикоррозийщик | K22: Участок АКЗ | P22: 46105 | Q22: =IFERROR(VLOOKUP(J22,Настройка!$C$4:$E$121,2,),"Ошибка") -> R
... A40: 35 | B40: Амурский | C40: Амурский ГПЗ АСН | D40: МВ-0010091 | E40: Ыстамов Адилет Сиязович | F40: 38095 | G40: КИРГИЗИЯ | H40: PE | I40: 0376624 | J40: Антикоррозийщик | K40: Участок АКЗ | P40: 46106 | Q40: =IFERROR(VLOOKUP(J40,Настройка!$C$4:$E$121,2,),"Ошибка") -> R
A41: 36 | B41: Амурский | C41: Амурский ГПЗ АСН | D41: ВМ-0147851 | E41: Татимбаев Серик Байменович | F41: 29440 | G41: КАЗАХСТАН | I41: 026256539 | J41: Антикоррозийщик | K41: Участок АКЗ | P41: 46083 | Q41: =IFERROR(VLOOKUP(J41,Настройка!$C$4:$E$121,2,),"Ошибка") -> R
A42: 37 | B42: Амурский | C42: Амурский ГПЗ АСН | D42: МВ-0008726 | E42: Соловец Никита Андреевич | F42: 36861 | G42: РОССИЯ | H42: 08 20 | I42: 699621 | J42: Антикоррозийщик | K42: Участок АКЗ | P42: 46090 | Q42: =IFERROR(VLOOKUP(J42,Настройка!$C$4:$E$121,2,),"Ошибка") -> R
A43: 38 | B43: Амурский | C43: Амурский ГПЗ АСН | D43: ВМ-0169036 | E43: Бехера Самбит | F43: 37245 | G43: ИНДИЯ | H43: Y | I43: 7006291 | J43: Антикоррозийщик | K43: Участок АКЗ | L43: Рабочая | M43: Многократная | N43: Амур | O43: 46308 | P43: 46029 | Q43: =IFERROR(VLOOKUP(J43,Настройка!$C$4:$E$121,2,),"Ошибка") -> R
A44: 39 | B44: Амурский | C44: Амурский ГПЗ АСН | D44: ВМ-0079380 | E44: Рожков Константин | F44: 29855 | G44: КАЗАХСТАН | H44: N | I44: 13106846 | J44: Маляр | K44: Участок АКЗ | P44: 46062 | Q44: =IFERROR(VLOOKUP(J44,Настройка!$C$4:$E$121,2,),"Ошибка") -> R
A45: 40 | B45: Амурский | C45: Амурский ГПЗ АСН | D45: ВМ-0169030 | E45: Яррамсетти Бхаскарарао | F45: 36912 | G45: ИНДИЯ | H45: W | I45: 8100262 | J45: Антикоррозийщик | K45: Участок АКЗ | L45: Рабочая | M45: Многократная | N45: Амур | O45: 46308 | P45: 46060 | Q45: =IFERROR(VLOOKUP(J45,Настройка!$C$4:$E$121,2,),"Ошибка") -> R
A46: 41 | B46: Амурский | C46: Амурский ГПЗ АСН | D46: ВМ-0169087 | E46: Мутхяла Джохн | F46: 37119 | G46: ИНДИЯ | H46: Y | I46: 7698781 | J46: Антикоррозийщик | K46: Участок АКЗ | L46: Рабочая | M46: Многократная | N46: Амур | O46: 46308 | P46: 46060 | Q46: =IFERROR(VLOOKUP(J46,Настройка!$C$4:$E$121,2,),"Ошибка") -> R
A47: 42 | B47: Амурский | C47: Амурский ГПЗ АСН | D47: МВ-0008410 | E47: Абилкайрова Динара | F47: 30318 | G47: КАЗАХСТАН | H47: N | I47: 17750289 | J47: Маляр | K47: Участок АКЗ | P47: 46069 | Q47: =IFERROR(VLOOKUP(J47,Настройка!$C$4:$E$121,2,),"Ошибка") -> R
A48: 43 | B48: Амурский | C48: Амурский ГПЗ АСН | D48: МВ-0006107 | E48: Ахмад Серадж | F48: 33373 | G48: ИНДИЯ | H48: T | I48: 4259551 | J48: Антикоррозийщик | K48: Участок АКЗ | L48: Рабочая | M48: Многократная | N48: Амур | O48: 46385 | P48: 45993 | Q48: =IFERROR(VLOOKUP(J48,Настройка!$C$4:$E$121,2,),"Ошибка") -> R
A49: 44 | B49: Амурский | C49: Амурский ГПЗ АСН | D49: МВ-0008409 | E49: Исмайлова Лола Канатовна | F49: 38293 | G49: КАЗАХСТАН | I49: 047377605 | J49: Маляр | K49: Участок АКЗ | P49: 46069 | Q49: =IFERROR(VLOOKUP(J49,Настройка!$C$4:$E$121,2,),"Ошибка") -> R
A50: 45 | B50: Амурский | C50: Амурский ГПЗ АСН | D50: МВ-0008990 | E50: Адельметов Виталий Рамилевич | F50: 34907 | G50: РОССИЯ | H50: 80 15 | I50: 261285 | J50: Антикоррозийщик | K50: Участок АКЗ | P50: 46084 | Q50: =IFERROR(VLOOKUP(J50,Настройка!$C$4:$E$121,2,),"Ошибка") -> R
A51: 46 | B51: Амурский | C51: Амурский ГПЗ АСН | D51: МВ-0006861 | E51: Данияр Уулу Элдияр | F51: 34496 | G51: КИРГИЗИЯ | H51: PE | I51: 0060758 | J51: Антикоррозийщик | K51: Участок АКЗ | P51: 46088 | Q51: =IFERROR(VLOOKUP(J51,Настройка!$C$4:$E$121,2,),"Ошибка") -> R
A52: 47 | B52: Амурский | C52: Амурский ГПЗ АСН | D52: МВ-0006332 | E52: Винодкумар Винодкумар | F52: 36572 | G52: ИНДИЯ | H52: U | I52: 8857119 | J52: Антикоррозийщик | K52: Участок АКЗ | L52: Рабочая | M52: Многократная | N52: Амур | O52: 46385 | P52: 45997 | Q52: =IFERROR(VLOOKUP(J52,Настройка!$C$4:$E$121,2,),"Ошибка") -> R
A53: 48 | B53: Амурский | C53: Амурский ГПЗ АСН | D53: ВМ-0173320 | E53: Шьям Бахадур | F53: 37472 | G53: ИНДИЯ | H53: V | I53: 0355042 | J53: Антикоррозийщик | K53: Участок АКЗ | L53: Рабочая | M53: Многократная | N53: Амур | O53: 46385 | P53: 46079 | Q53: =IFERROR(VLOOKUP(J53,Настройка!$C$4:$E$121,2,),"Ошибка") -> R
A54: 49 | B54: Амурский | C54: Амурский ГПЗ АСН | D54: ВМ-0169090 | E54: Гоуда Бипина | F54: 35157 | G54: ИНДИЯ | H54: W | I54: 9343025 | J54: Антикоррозийщик | K54: Участок АКЗ | L54: Рабочая | M54: Многократная | N54: Амур | O54: 46308 | P54: 46079 | Q54: =IFERROR(VLOOKUP(J54,Настройка!$C$4:$E$121,2,),"Ошибка") -> R
A55: 50 | B55: Амурский | C55: Амурский ГПЗ АСН | D55: МВ-0009700 | E55: Сону Кумар | F55: 37290 | G55: ИНДИЯ | H55: Y | I55: 7633714 | J55: Антикоррозийщик | K55: Участок АКЗ | L55: Рабочая | M55: Однократная | N55: Амур | O55: 46167 | P55: 46079 | Q55: =IFERROR(VLOOKUP(J55,Настройка!$C$4:$E$121,2,),"Ошибка") -> R
A56: 51 | B56: Амурский | C56: Амурский ГПЗ АСН | D56: МВ-0008547 | E56: Осмоналиев Шермамат Шамшиевич | F56: 26282 | G56: КИРГИЗИЯ | H56: ID | I56: 3174703 | J56: Антикоррозийщик | K56: Участок АКЗ | P56: 46062 | Q56: =IFERROR(VLOOKUP(J56,Настройка!$C$4:$E$121,2,),"Ошибка") -> R
A57: 52 | B57: Амурский | C57: Амурский ГПЗ АСН | D57: МВ-0009830 | E57: Акматов Темирбек Абдирашидович | F57: 27596 | G57: КИРГИЗИЯ | H57: ID | I57: 4661272 | J57: Антикоррозийщик | K57: Участок АКЗ | P57: 46091 | Q57: =IFERROR(VLOOKUP(J57,Настройка!$C$4:$E$121,2,),"Ошибка") -> R
A58: 53 | B58: Амурский | C58: Амурский ГПЗ АСН | D58: МВ-0009906 | E58: Бейшембаев Бейкут Темирланович | F58: 39134 | G58: КИРГИЗИЯ | H58: ID | I58: 3528354 | J58: Антикоррозийщик | K58: Участок АКЗ | P58: 46092 | Q58: =IFERROR(VLOOKUP(J58,Настройка!$C$4:$E$121,2,),"Ошибка") -> R
A59: 54 | B59: Амурский | C59: Амурский ГПЗ АСН | D59: МВ-0009905 | E59: Касеев Байел Мирбекович | F59: 39443 | G59: КИРГИЗИЯ | H59: ID | I59: 4166198 | J59: Антикоррозийщик | K59: Участок АКЗ | P59: 46092 | Q59: =IFERROR(VLOOKUP(J59,Настройка!$C$4:$E$121,2,),"Ошибка") -> R
A60: 55 | B60: Амурский | C60: Амурский ГПЗ АСН | D60: МВ-0009880 | E60: Абдуллаев Курсантбек Каримович | F60: 27748 | G60: КИРГИЗИЯ | H60: ID | I60: 2763124 | J60: Антикоррозийщик | K60: Участок АКЗ | P60: 46091 | Q60: =IFERROR(VLOOKUP(J60,Настройка!$C$4:$E$121,2,),"Ошибка") -> R
A61: 56 | B61: Амурский | C61: Амурский ГПЗ АСН | D61: МВ-0009828 | E61: Маматалиев Акылбек Молдобаевич | F61: 31795 | G61: КИРГИЗИЯ | H61: PE | I61: 1777051 | J61: Антикоррозийщик | K61: Участок АКЗ | P61: 46091 | Q61: =IFERROR(VLOOKUP(J61,Настройка!$C$4:$E$121,2,),"Ошибка") -> R
A62: 57 | B62: Амурский | C62: Амурский ГПЗ АСН | D62: МВ-0009909 | E62: Уланов Айжигит | F62: 37642 | G62: КИРГИЗИЯ | H62: PE | I62: 1879003 | J62: Антикоррозийщик | K62: Участок АКЗ | P62: 46091 | Q62: =IFERROR(VLOOKUP(J62,Настройка!$C$4:$E$121,2,),"Ошибка") -> R
A63: 58 | B63: Амурский | C63: Амурский ГПЗ АСН | D63: МВ-0009838 | E63: Озубеков Ниязбек | F63: 29633 | G63: КИРГИЗИЯ | H63: PE | I63: 0669542 | J63: Антикоррозийщик | K63: Участок АКЗ | P63: 46091 | Q63: =IFERROR(VLOOKUP(J63,Настройка!$C$4:$E$121,2,),"Ошибка") -> R
A64: 59 | B64: Амурский | C64: Амурский ГПЗ АСН | D64: МВ-0009878 | E64: Шаменов Мирбек Нурбекович | F64: 37448 | G64: КИРГИЗИЯ | H64: ID | I64: 4441791 | J64: Антикоррозийщик | K64: Участок АКЗ | P64: 46091 | Q64: =IFERROR(VLOOKUP(J64,Настройка!$C$4:$E$121,2,),"Ошибка") -> R
A65: 60 | B65: Амурский | C65: Амурский ГПЗ АСН | D65: МВ-0009879 | E65: Маматалиев Жолдошбек | F65: 30924 | G65: КИРГИЗИЯ | H65: PE | I65: 1458587 | J65: Антикоррозийщик | K65: Участок АКЗ | P65: 46091 | Q65: =IFERROR(VLOOKUP(J65,Настройка!$C$4:$E$121,2,),"Ошибка") -> R
A66: 61 | B66: Амурский | C66: Амурский ГПЗ АСН | D66: МВ-0010165 | E66: Жамангулов Осорбек Кубанычбекович | F66: 38412 | G66: КИРГИЗИЯ | H66: ID | I66: 2937480 | J66: Антикоррозийщик | K66: Участок АКЗ | P66: 46112 | Q66: =IFERROR(VLOOKUP(J66,Настройка!$C$4:$E$121,2,),"Ошибка") -> R
A67: 62 | B67: Амурский | C67: Амурский ГПЗ АСН | D67: МВ-0010183 | E67: Хурибаев Хумоюнбек | F67: 38064 | G67: КИРГИЗИЯ | H67: AC | I67: 4238167 | J67: Антикоррозийщик | K67: Участок АКЗ | P67: 46112 | Q67: =IFERROR(VLOOKUP(J67,Настройка!$C$4:$E$121,2,),"Ошибка") -> R
A68: 63 | B68: Амурский | C68: Амурский ГПЗ АСН | D68: МВ-0010177 | E68: Шиленин Александр | F68: 26901 | G68: КИРГИЗИЯ | H68: AC | I68: 2914594 | J68: Антикоррозийщик | K68: Участок АКЗ | P68: 46112 | Q68: =IFERROR(VLOOKUP(J68,Настройка!$C$4:$E$121,2,),"Ошибка") -> R
A69: 64 | B69: Амурский | C69: Амурский ГПЗ АСН | D69: МВ-0010175 | E69: Коптилеуов Жанарыс Манарбекулы | F69: 36324 | G69: КАЗАХСТАН | I69: 061201018 | J69: Антикоррозийщик | K69: Участок АКЗ | P69: 46112 | Q69: =IFERROR(VLOOKUP(J69,Настройка!$C$4:$E$121,2,),"Ошибка") -> R
A70: 65 | B70: Амурский | C70: Амурский ГПЗ АСН | D70: МВ-0010172 | E70: Кыздарбеков Ердос Канатулы | F70: 36370 | G70: КАЗАХСТАН | I70: 057877347 | J70: Антикоррозийщик | K70: Участок АКЗ | P70: 46112 | Q70: =IFERROR(VLOOKUP(J70,Настройка!$C$4:$E$121,2,),"Ошибка") -> R
A71: 66 | B71: Амурский | C71: Амурский ГПЗ АСН | D71: МВ-0010171 | E71: Сериккалиулы Айсултан | F71: 38291 | G71: КАЗАХСТАН | I71: 049224294 | J71: Антикоррозийщик | K71: Участок АКЗ | P71: 46112 | Q71: =IFERROR(VLOOKUP(J71,Настройка!$C$4:$E$121,2,),"Ошибка") -> R
A72: 67 | B72: Амурский | C72: Амурский ГПЗ АСН | D72: МВ-0010167 | E72: Турабаев Орынжан Сансызбайулы | F72: 36384 | G72: КАЗАХСТАН | I72: 061636004 | J72: Антикоррозийщик | K72: Участок АКЗ | P72: 46112 | Q72: =IFERROR(VLOOKUP(J72,Настройка!$C$4:$E$121,2,),"Ошибка") -> R
A73: 68 | B73: Амурский | C73: Амурский ГПЗ АСН | D73: МВ-0010145 | E73: Абдиев Ильгис Онолбекович | F73: 29472 | G73: КИРГИЗИЯ | H73: ID | I73: 2476223 | J73: Антикоррозийщик | K73: Участок АКЗ | P73: 46112 | Q73: =IFERROR(VLOOKUP(J73,Настройка!$C$4:$E$121,2,),"Ошибка") -> R
A74: 69 | B74: Амурский | C74: Амурский ГПЗ АСН | D74: МВ-0010146 | E74: Абдылдаев Абдылас Джеенбекович | F74: 30416 | G74: КИРГИЗИЯ | H74: ID | I74: 0748465 | J74: Антикоррозийщик | K74: Участок АКЗ | P74: 46112 | Q74: =IFERROR(VLOOKUP(J74,Настройка!$C$4:$E$121,2,),"Ошибка") -> R
A75: 70 | B75: Амурский | C75: Амурский ГПЗ АСН | D75: МВ-0010153 | E75: Абдылдаев Атабек Сонунбекович | F75: 27999 | G75: КИРГИЗИЯ | H75: KP | I75: 0083325 | J75: Антикоррозийщик | K75: Участок АКЗ | P75: 46112 | Q75: =IFERROR(VLOOKUP(J75,Настройка!$C$4:$E$121,2,),"Ошибка") -> R
A76: 71 | B76: Амурский | C76: Амурский ГПЗ АСН | D76: МВ-0010138 | E76: Адылбек Уулу Арлен | F76: 38054 | G76: КИРГИЗИЯ | H76: PE | I76: 1810418 | J76: Антикоррозийщик | K76: Участок АКЗ | P76: 46112 | Q76: =IFERROR(VLOOKUP(J76,Настройка!$C$4:$E$121,2,),"Ошибка") -> R
A77: 72 | B77: Амурский | C77: Амурский ГПЗ АСН | D77: МВ-0010148 | E77: Азеил Уулу Урмат | F77: 37642 | G77: КИРГИЗИЯ | H77: ID | I77: 2117013 | J77: Антикоррозийщик | K77: Участок АКЗ | P77: 46112 | Q77: =IFERROR(VLOOKUP(J77,Настройка!$C$4:$E$121,2,),"Ошибка") -> R
A78: 73 | B78: Амурский | C78: Амурский ГПЗ АСН | D78: МВ-0010140 | E78: Айбеков Жакшылык Айбекович | F78: 38362 | G78: КИРГИЗИЯ | H78: PE | I78: 1713092 | J78: Антикоррозийщик | K78: Участок АКЗ | P78: 46112 | Q78: =IFERROR(VLOOKUP(J78,Настройка!$C$4:$E$121,2,),"Ошибка") -> R
A79: 74 | B79: Амурский | C79: Амурский ГПЗ АСН | D79: МВ-0010149 | E79: Атакулов Эркинбек Аманович | F79: 29336 | G79: КИРГИЗИЯ | H79: ID | I79: 3117533 | J79: Антикоррозийщик | K79: Участок АКЗ | P79: 46112 | Q79: =IFERROR(VLOOKUP(J79,Настройка!$C$4:$E$121,2,),"Ошибка") -> R
A80: 75 | B80: Амурский | C80: Амурский ГПЗ АСН | D80: МВ-0010141 | E80: Бердалиев Урмат Тологонович | F80: 30758 | G80: КИРГИЗИЯ | H80: PE | I80: 1165683 | J80: Антикоррозийщик | K80: Участок АКЗ | P80: 46112 | Q80: =IFERROR(VLOOKUP(J80,Настройка!$C$4:$E$121,2,),"Ошибка") -> R
A81: 76 | B81: Амурский | C81: Амурский ГПЗ АСН | D81: МВ-0010143 | E81: Жылдызбек Уулу Нияз | F81: 36993 | G81: КИРГИЗИЯ | H81: AC | I81: 3399914 | J81: Антикоррозийщик | K81: Участок АКЗ | P81: 46112 | Q81: =IFERROR(VLOOKUP(J81,Настройка!$C$4:$E$121,2,),"Ошибка") -> R
A82: 77 | B82: Амурский | C82: Амурский ГПЗ АСН | D82: МВ-0010154 | E82: Каныбек Уулу Нурлан | F82: 38159 | G82: КИРГИЗИЯ | H82: PE | I82: 1711204 | J82: Антикоррозийщик | K82: Участок АКЗ | P82: 46112 | Q82: =IFERROR(VLOOKUP(J82,Настройка!$C$4:$E$121,2,),"Ошибка") -> R
A83: 78 | B83: Амурский | C83: Амурский ГПЗ АСН | D83: МВ-0010142 | E83: Кендирбаев Калысбек | F83: 28470 | G83: КИРГИЗИЯ | H83: AC | I83: 4461449 | J83: Антикоррозийщик | K83: Участок АКЗ | P83: 46112 | Q83: =IFERROR(VLOOKUP(J83,Настройка!$C$4:$E$121,2,),"Ошибка") -> R
A84: 79 | B84: Амурский | C84: Амурский ГПЗ АСН | D84: МВ-0010144 | E84: Кубанычбек Уулу Адилет | F84: 33712 | G84: КИРГИЗИЯ | H84: AC | I84: 3208654 | J84: Антикоррозийщик | K84: Участок АКЗ | P84: 46112 | Q84: =IFERROR(VLOOKUP(J84,Настройка!$C$4:$E$121,2,),"Ошибка") -> R
... A88: 83 | B88: Амурский | C88: Амурский ГПЗ АСН | D88: МВ-0010192 | E88: Эликбаев Саид Чымырбекович | F88: 38401 | G88: КИРГИЗИЯ | H88: PE | I88: 0979564 | J88: Антикоррозийщик | K88: Участок АКЗ | P88: 46112 | Q88: =IFERROR(VLOOKUP(J88,Настройка!$C$4:$E$121,2,),"Ошибка") -> R
A89: 84 | B89: Амурский | C89: Амурский ГПЗ АСН | D89: МВ-0009706 | E89: Недумпарамбил Ханифа Исмаил | F89: 33578 | G89: ИНДИЯ | H89: R | I89: 9746221 | J89: Антикоррозийщик | K89: Участок АКЗ | L89: Рабочая | M89: Многократная | N89: Амур | O89: 46353 | P89: 46080 | Q89: =IFERROR(VLOOKUP(J89,Настройка!$C$4:$E$121,2,),"Ошибка") -> R
A90: 85 | B90: Амурский | C90: Амурский ГПЗ АСН | D90: МВ-0010191 | E90: Надирбек Уулу Орозбек | F90: 37926 | G90: КИРГИЗИЯ | H90: PE | I90: 2290552 | J90: Антикоррозийщик | K90: Участок АКЗ | P90: 46113 | Q90: =IFERROR(VLOOKUP(J90,Настройка!$C$4:$E$121,2,),"Ошибка") -> R
A91: 86 | B91: Амурский | C91: Амурский ГПЗ АСН | D91: МВ-0007474 | E91: Ли Виктор Эдуардович | F91: 35209 | G91: КАЗАХСТАН | I91: 059264712 | J91: Специалист по охране труда (полевой) | K91: АУП | P91: 46110 | Q91: =IFERROR(VLOOKUP(J91,Настройка!$C$4:$E$121,2,),"Ошибка") -> ITR
A92: 87 | B92: Амурский | C92: Амурский ГПЗ АСН | D92: МВ-0007355 | E92: Бакланов Владислав Александрович | F92: 33810 | G92: РОССИЯ | H92: 18 12 | I92: 761706 | J92: Специалист по охране труда (полевой) | K92: АУП | P92: 46112 | Q92: =IFERROR(VLOOKUP(J92,Настройка!$C$4:$E$121,2,),"Ошибка") -> ITR
A93: 88 | B93: Амурский | C93: Амурский ГПЗ АСН | D93: МВ-0010222 | E93: Боколов Нурлан Табылдиевич | F93: 27477 | G93: КИРГИЗИЯ | H93: ID | I93: 1350210 | J93: Антикоррозийщик | K93: Участок АКЗ | P93: 46114 | Q93: =IFERROR(VLOOKUP(J93,Настройка!$C$4:$E$121,2,),"Ошибка") -> R
A94: 89 | B94: Амурский | C94: Амурский ГПЗ АСН | D94: МВ-0010224 | E94: Сабырбеков Канат Сабырбекович | F94: 33422 | G94: КИРГИЗИЯ | H94: ID | I94: 0327331 | J94: Антикоррозийщик | K94: Участок АКЗ | P94: 46114 | Q94: =IFERROR(VLOOKUP(J94,Настройка!$C$4:$E$121,2,),"Ошибка") -> R
A95: 90 | B95: Амурский | C95: Амурский ГПЗ АСН | D95: МВ-0010223 | E95: Табылдиев Артур | F95: 35947 | G95: КИРГИЗИЯ | H95: KP | I95: 0183014 | J95: Антикоррозийщик | K95: Участок АКЗ | P95: 46114 | Q95: =IFERROR(VLOOKUP(J95,Настройка!$C$4:$E$121,2,),"Ошибка") -> R
A96: 91 | B96: Амурский | C96: Амурский ГПЗ АСН | D96: МВ-0006949 | E96: Лубенников Максим Алексеевич | F96: 34481 | G96: РОССИЯ | H96: 18 14 | I96: 982107 | J96: Ведущий инженер отдела подготовки производства | K96: АУП | P96: 46115 | Q96: =IFERROR(VLOOKUP(J96,Настройка!$C$4:$E$121,2,),"Ошибка") -> ITR
A97: 92 | B97: Амурский | C97: Амурский ГПЗ АСН | D97: ВМ-0188506 | E97: Жаманкулов Исабек Нурмаматович | F97: 29995 | G97: КИРГИЗИЯ | H97: PE | I97: 2541911 | J97: Антикоррозийщик | K97: Участок АКЗ | P97: 46105 | Q97: =IFERROR(VLOOKUP(J97,Настройка!$C$4:$E$121,2,),"Ошибка") -> R
A98: 93 | B98: Амурский | C98: Амурский ГПЗ АСН | D98: ВМ-0179550 | E98: Попович Игор | F98: 30764 | G98: БОСНИЯ И ГЕРЦЕГОВИНА | H98: B | I98: 4351224 | J98: Кладовщик | K98: ВП и НП | L98: Рабочая | M98: Многократная | N98: Амур | O98: 46184 | P98: 46042 | Q98: =IFERROR(VLOOKUP(J98,Настройка!$C$4:$E$121,2,),"Ошибка") -> ITR
A99: 94 | B99: Амурский | C99: Амурский ГПЗ АСН | D99: МВ-0007496 | E99: Грабарь Ефим Евгеньевич | F99: 36566 | G99: РОССИЯ | H99: 10 19 | I99: 640233 | J99: Специалист ПТО | K99: АУП | P99: 46038 | Q99: =IFERROR(VLOOKUP(J99,Настройка!$C$4:$E$121,2,),"Ошибка") -> ITR
A100: 95 | B100: Амурский | C100: Амурский ГПЗ АСН | D100: ВМ-0063441 | E100: Гладкий Андрей Георгиевич | F100: 27601 | G100: РОССИЯ | H100: 39 20 | I100: 502079 | J100: Начальник участка | K100: Участок АКЗ | P100: 46055 | Q100: =IFERROR(VLOOKUP(J100,Настройка!$C$4:$E$121,2,),"Ошибка") -> ITR
A101: 96 | B101: Амурский | C101: Амурский ГПЗ АСН | D101: МВ-0006206 | E101: Волгин Андрей Витальевич | F101: 36405 | G101: РОССИЯ | H101: 50 20 | I101: 009900 | J101: Инженер ПТО | K101: АУП | P101: 46076 | Q101: =IFERROR(VLOOKUP(J101,Настройка!$C$4:$E$121,2,),"Ошибка") -> ITR
A102: 97 | B102: Амурский | C102: Амурский ГПЗ АСН | D102: МВ-0002070 | E102: Буцхрикидзе Лука Мамукович | F102: 35004 | G102: РОССИЯ | H102: 03 15 | I102: 354020 | J102: Ведущий инженер ПТО | K102: АУП | P102: 46079 | Q102: =IFERROR(VLOOKUP(J102,Настройка!$C$4:$E$121,2,),"Ошибка") -> ITR
A103: 98 | B103: Амурский | C103: Амурский ГПЗ АСН | D103: МВ-0006582 | E103: Зинченко Иван Сергеевич | F103: 32701 | G103: РОССИЯ | H103: 95 09 | I103: 724910 | J103: Производитель работ | K103: Участок АКЗ | P103: 46083 | Q103: =IFERROR(VLOOKUP(J103,Настройка!$C$4:$E$121,2,),"Ошибка") -> ITR
A104: 99 | B104: Амурский | C104: Амурский ГПЗ АСН | D104: ВМ-0138779 | E104: Надаждин Срджан | F104: 29620 | G104: БОСНИЯ И ГЕРЦЕГОВИНА | H104: B | I104: 2981235 | J104: Производитель работ | K104: Участок МБР | L104: Рабочая | M104: Многократная | N104: Амур | O104: 46343 | P104: 46084 | Q104: =IFERROR(VLOOKUP(J104,Настройка!$C$4:$E$121,2,),"Ошибка") -> ITR
A105: 100 | B105: Амурский | C105: Амурский ГПЗ АСН | D105: МВ-0006399 | E105: Буцкий Олег Васильевич | F105: 25520 | G105: РОССИЯ | H105: 46 24 | I105: 733440 | J105: Специалист ПТО | K105: АУП | P105: 46085 | Q105: =IFERROR(VLOOKUP(J105,Настройка!$C$4:$E$121,2,),"Ошибка") -> ITR
A106: 101 | B106: Амурский | C106: Амурский ГПЗ АСН | D106: МВ-0004633 | E106: Гурбанов Байраммырат | F106: 35847 | G106: ТУРКМЕНИСТАН | H106: A | I106: 2592392 | J106: Подсобный рабочий | K106: Участок ЗР | L106: Рабочая | M106: Многократная | N106: Амур | O106: 46343 | P106: 46070 | Q106: =IFERROR(VLOOKUP(J106,Настройка!$C$4:$E$121,2,),"Ошибка") -> R
A107: 102 | B107: Амурский | C107: Амурский ГПЗ АСН | D107: МВ-0004697 | E107: Тиркишов Эзиз | F107: 38093 | G107: ТУРКМЕНИСТАН | H107: A | I107: 2803570 | J107: Подсобный рабочий | K107: Участок ЗР | L107: Рабочая | M107: Многократная | N107: Амур | O107: 46343 | P107: 46070 | Q107: =IFERROR(VLOOKUP(J107,Настройка!$C$4:$E$121,2,),"Ошибка") -> R
A108: 103 | B108: Амурский | C108: Амурский ГПЗ АСН | D108: МВ-0006759 | E108: Пименов Андрей Витальевич | F108: 36206 | G108: РОССИЯ | H108: 10 19 | I108: 618092 | J108: Инженер ПТО | K108: АУП | P108: 45729 | Q108: =IFERROR(VLOOKUP(J108,Настройка!$C$4:$E$121,2,),"Ошибка") -> ITR
A109: 104 | B109: Амурский | C109: Амурский ГПЗ АСН | D109: МВ-0009935 | E109: Бакытулы Адилет | F109: 37752 | G109: КАЗАХСТАН | H109: N | I109: 18531819 | J109: Антикоррозийщик | K109: Участок АКЗ | P109: 46094 | Q109: =IFERROR(VLOOKUP(J109,Настройка!$C$4:$E$121,2,),"Ошибка") -> R
A110: 105 | B110: Амурский | C110: Амурский ГПЗ АСН | D110: МВ-0009948 | E110: Умаркулов Иззатулла Кадиркулович | F110: 33172 | G110: КАЗАХСТАН | I110: 054570229 | J110: Антикоррозийщик | K110: Участок АКЗ | P110: 46094 | Q110: =IFERROR(VLOOKUP(J110,Настройка!$C$4:$E$121,2,),"Ошибка") -> R
A111: 106 | B111: Амурский | C111: Амурский ГПЗ АСН | D111: МВ-0009942 | E111: Сапарбаев Баглан Бауыржанулы | F111: 38899 | G111: КАЗАХСТАН | I111: 051288331 | J111: Антикоррозийщик | K111: Участок АКЗ | P111: 46094 | Q111: =IFERROR(VLOOKUP(J111,Настройка!$C$4:$E$121,2,),"Ошибка") -> R
A112: 107 | B112: Амурский | C112: Амурский ГПЗ АСН | D112: МВ-0009944 | E112: Молдабек Багдаулет Курбаналиулы | F112: 34294 | G112: КАЗАХСТАН | I112: 055524507 | J112: Антикоррозийщик | K112: Участок АКЗ | P112: 46094 | Q112: =IFERROR(VLOOKUP(J112,Настройка!$C$4:$E$121,2,),"Ошибка") -> R
A113: 108 | B113: Амурский | C113: Амурский ГПЗ АСН | D113: МВ-0009945 | E113: Аширбай Абылай Зайдуллаулы | F113: 38426 | G113: КАЗАХСТАН | I113: 048877565 | J113: Антикоррозийщик | K113: Участок АКЗ | P113: 46094 | Q113: =IFERROR(VLOOKUP(J113,Настройка!$C$4:$E$121,2,),"Ошибка") -> R
A114: 109 | B114: Амурский | C114: Амурский ГПЗ АСН | D114: МВ-0009941 | E114: Ертуган Нурасыл Алмазулы | F114: 38936 | G114: КАЗАХСТАН | I114: 059781691 | J114: Антикоррозийщик | K114: Участок АКЗ | P114: 46094 | Q114: =IFERROR(VLOOKUP(J114,Настройка!$C$4:$E$121,2,),"Ошибка") -> R
A115: 110 | B115: Амурский | C115: Амурский ГПЗ АСН | D115: ВМ-0058123 | E115: Аранджелович Ваня | F115: 32934 | G115: СЕРБИЯ | I115: 013858373 | J115: Руководитель группы мобилизации и координации | K115: АУП | L115: ВКС | M115: Многократная | N115: Москва | O115: 46624 | P115: 46095 | Q115: =IFERROR(VLOOKUP(J115,Настройка!$C$4:$E$121,2,),"Ошибка") -> ITR
A116: 111 | B116: Амурский | C116: Амурский ГПЗ АСН | D116: МВ-0007005 | E116: Джиринбаев Есбол | F116: 31429 | G116: КАЗАХСТАН | H116: N | I116: 13056380 | J116: Инспектор | K116: АУП | P116: 46097 | Q116: =IFERROR(VLOOKUP(J116,Настройка!$C$4:$E$121,2,),"Ошибка") -> ITR
A117: 112 | B117: Амурский | C117: Амурский ГПЗ АСН | D117: МВ-0009969 | E117: Кылычбек уулу Нурсултан | F117: 34685 | G117: КИРГИЗИЯ | H117: ID | I117: 2952535 | J117: Антикоррозийщик | K117: Участок АКЗ | P117: 46098 | Q117: =IFERROR(VLOOKUP(J117,Настройка!$C$4:$E$121,2,),"Ошибка") -> R
A118: 113 | B118: Амурский | C118: Амурский ГПЗ АСН | D118: МВ-0006595 | E118: Дорофеева Мария Васильевна | F118: 31623 | G118: РОССИЯ | H118: 10 13 | I118: 369058 | J118: Инженер ПТО | K118: АУП | P118: 46091 | Q118: =IFERROR(VLOOKUP(J118,Настройка!$C$4:$E$121,2,),"Ошибка") -> ITR
A119: 114 | B119: Амурский | C119: Амурский ГПЗ АСН | D119: МВ-0009939 | E119: Мырзатай Асанбай Нуржанулы | F119: 38738 | G119: КАЗАХСТАН | I119: 050059289 | J119: Антикоррозийщик | K119: Участок АКЗ | P119: 46094 | Q119: =IFERROR(VLOOKUP(J119,Настройка!$C$4:$E$121,2,),"Ошибка") -> R
A120: 115 | B120: Амурский | C120: Амурский ГПЗ АСН | D120: МВ-0007758 | E120: Ковалев Павел Андреевич | F120: 36730 | G120: РОССИЯ | H120: 14 20 | I120: 861003 | J120: Специалист ПТО | K120: АУП | P120: 46124 | Q120: =IFERROR(VLOOKUP(J120,Настройка!$C$4:$E$121,2,),"Ошибка") -> ITR
A121: 116 | B121: Амурский | C121: Амурский ГПЗ АСН | D121: МВ-0006940 | E121: Черников Андрей Игоревич | F121: 32648 | G121: РОССИЯ | H121: 10 09 | I121: 157523 | J121: Заместитель начальника ОТ ПБ и ООС | K121: АУП | P121: 46125 | Q121: =IFERROR(VLOOKUP(J121,Настройка!$C$4:$E$121,2,),"Ошибка") -> ITR
A122: 117 | B122: Амурский | C122: Амурский ГПЗ АСН | D122: МВ-0009844 | E122: Каныбек уулу Байаман | F122: 34410 | G122: КИРГИЗИЯ | H122: ID | I122: 3754728 | J122: Антикоррозийщик | K122: Участок АКЗ | P122: 46091 | Q122: =IFERROR(VLOOKUP(J122,Настройка!$C$4:$E$121,2,),"Ошибка") -> R
...

Sheet СВОД
A1: Наименование (должность, специальность, профессия) | B1: Итого | C1: % | E1: Гражданство | F1: ITR | G1: ITR % | H1: R | I1: R % | K1: ГР Объект № 1. Шесхарис ЗАУ | L1: ОП Мурманск ГР ЦСКМС | M1: ОП Тарко-Сале | N1: Амурский ГПЗ | O1: ОП Кингисепп-2.ЕвроХим | P1: РП Новороссийск ОП Грушовая 7 | Q1: Диксон | R1: Амурский ГПЗ АСН | S1: Норильск | T1: Арктик СПГ-2 Гыдан | U1: АСПГ-2 НОВАРТИК | V1: ОП Гыдан GWP5A | W1: ОП Усть-Луга СПГ | X1: ОП Дом охотника № 5 | Y1: ОП Криница_Криница МОЛ 2 | Z1: ОП Усть-Луга. ТСБиМОТ | AA1: ОП Геленджик Марина | AB1: КС-7 Сивакинская | AC1: ОП Геленджик Винный город | AD1: Мурманск AWP1 | AE1: Ямал СПГ Текнип. CWP3A. train 4 | AF1: ОП Усадьба Дивноморское | AG1: ОП Усть-Луга. ВЖГ 7000 | AH1: ОП Национальный центр РОССИЯ | AI1: ОП Региональный южный ВЖГ | AJ1: ОП Новый Уренгой/ГР Новый Уренгой | AK1: ОП Новый Уренгой/Новый Уренгой. ЦГБ Хирургический корпус | AL1: ОП Новый Уренгой/Кванториум | AM1: ОП Новый Уренгой/Офис Газпром добыча Уренгой | AN1: ОП Новый Уренгой/Променад | AO1: ОП Новый Уренгой/Культурный центр | AP1: ОП Большой Камень | AQ1: ОП Сочи-2 | AR1: АГХК. Полиэтилен | AS1: ОП Кутузовский СБер К32 | AT1: ОП Карелия.Садовый Дом № 1/Дом № 2 | AU1: ОП БЦ Багратион
A2: Руководитель проекта | B2: =COUNTIF('ЕЖЕДНЕВНЫЙ УЧЕТ'!J:J,СВОД!A2) -> 9 | C2: =IFERROR(B2/$B$121,"") -> 0.00065789474 | E2: АЗЕРБАЙДЖАН | F2: =COUNTIFS('ЕЖЕДНЕВНЫЙ УЧЕТ'!$G:$G,СВОД!$E2,'ЕЖЕДНЕВНЫЙ УЧЕТ'!$Q:$Q,СВОД!F$1) -> 0 | G2: =IFERROR(F2/$F$27,"") -> 0 | H2: =COUNTIFS('ЕЖЕДНЕВНЫЙ УЧЕТ'!$G:$G,СВОД!$E2,'ЕЖЕДНЕВНЫЙ УЧЕТ'!$Q:$Q,СВОД!H$1) -> 0 | I2: =IFERROR(H2/$H$27,"") -> 0 | K2: =COUNTIFS('ЕЖЕДНЕВНЫЙ УЧЕТ'!$J:$J,$A2,'ЕЖЕДНЕВНЫЙ УЧЕТ'!$C:$C,K$1) -> 0 | L2: =COUNTIFS('ЕЖЕДНЕВНЫЙ УЧЕТ'!$J:$J,$A2,'ЕЖЕДНЕВНЫЙ УЧЕТ'!$C:$C,L$1) -> 0 | M2: =COUNTIFS('ЕЖЕДНЕВНЫЙ УЧЕТ'!$J:$J,$A2,'ЕЖЕДНЕВНЫЙ УЧЕТ'!$C:$C,M$1) -> 0 | N2: =COUNTIFS('ЕЖЕДНЕВНЫЙ УЧЕТ'!$J:$J,$A2,'ЕЖЕДНЕВНЫЙ УЧЕТ'!$C:$C,N$1) -> 0 | O2: =COUNTIFS('ЕЖЕДНЕВНЫЙ УЧЕТ'!$J:$J,$A2,'ЕЖЕДНЕВНЫЙ УЧЕТ'!$C:$C,O$1) -> 1 | P2: =COUNTIFS('ЕЖЕДНЕВНЫЙ УЧЕТ'!$J:$J,$A2,'ЕЖЕДНЕВНЫЙ УЧЕТ'!$C:$C,P$1) -> 0 | Q2: =COUNTIFS('ЕЖЕДНЕВНЫЙ УЧЕТ'!$J:$J,$A2,'ЕЖЕДНЕВНЫЙ УЧЕТ'!$C:$C,Q$1) -> 0 | R2: =COUNTIFS('ЕЖЕДНЕВНЫЙ УЧЕТ'!$J:$J,$A2,'ЕЖЕДНЕВНЫЙ УЧЕТ'!$C:$C,R$1) -> 0 | ... AU2: =COUNTIFS('ЕЖЕДНЕВНЫЙ УЧЕТ'!$J:$J,$A2,'ЕЖЕДНЕВНЫЙ УЧЕТ'!$C:$C,AU$1) -> 0
A3: Заместитель руководителя проекта по строительству | B3: =COUNTIF('ЕЖЕДНЕВНЫЙ УЧЕТ'!J:J,СВОД!A3) -> 23 | C3: =IFERROR(B3/$B$121,"") -> 0.0016812865 | E3: АРМЕНИЯ | F3: =COUNTIFS('ЕЖЕДНЕВНЫЙ УЧЕТ'!$G:$G,СВОД!$E3,'ЕЖЕДНЕВНЫЙ УЧЕТ'!$Q:$Q,СВОД!F$1) -> 1 | G3: =IFERROR(F3/$F$27,"") -> 0.00047326077 | H3: =COUNTIFS('ЕЖЕДНЕВНЫЙ УЧЕТ'!$G:$G,СВОД!$E3,'ЕЖЕДНЕВНЫЙ УЧЕТ'!$Q:$Q,СВОД!H$1) -> 0 | I3: =IFERROR(H3/$H$27,"") -> 0 | K3: =COUNTIFS('ЕЖЕДНЕВНЫЙ УЧЕТ'!$J:$J,$A3,'ЕЖЕДНЕВНЫЙ УЧЕТ'!$C:$C,K$1) -> 0 | L3: =COUNTIFS('ЕЖЕДНЕВНЫЙ УЧЕТ'!$J:$J,$A3,'ЕЖЕДНЕВНЫЙ УЧЕТ'!$C:$C,L$1) -> 0 | M3: =COUNTIFS('ЕЖЕДНЕВНЫЙ УЧЕТ'!$J:$J,$A3,'ЕЖЕДНЕВНЫЙ УЧЕТ'!$C:$C,M$1) -> 0 | N3: =COUNTIFS('ЕЖЕДНЕВНЫЙ УЧЕТ'!$J:$J,$A3,'ЕЖЕДНЕВНЫЙ УЧЕТ'!$C:$C,N$1) -> 0 | O3: =COUNTIFS('ЕЖЕДНЕВНЫЙ УЧЕТ'!$J:$J,$A3,'ЕЖЕДНЕВНЫЙ УЧЕТ'!$C:$C,O$1) -> 3 | P3: =COUNTIFS('ЕЖЕДНЕВНЫЙ УЧЕТ'!$J:$J,$A3,'ЕЖЕДНЕВНЫЙ УЧЕТ'!$C:$C,P$1) -> 0 | Q3: =COUNTIFS('ЕЖЕДНЕВНЫЙ УЧЕТ'!$J:$J,$A3,'ЕЖЕДНЕВНЫЙ УЧЕТ'!$C:$C,Q$1) -> 0 | R3: =COUNTIFS('ЕЖЕДНЕВНЫЙ УЧЕТ'!$J:$J,$A3,'ЕЖЕДНЕВНЫЙ УЧЕТ'!$C:$C,R$1) -> 0 | ... AU3: =COUNTIFS('ЕЖЕДНЕВНЫЙ УЧЕТ'!$J:$J,$A3,'ЕЖЕДНЕВНЫЙ УЧЕТ'!$C:$C,AU$1) -> 0
A4: Главный инженер | B4: =COUNTIF('ЕЖЕДНЕВНЫЙ УЧЕТ'!J:J,СВОД!A4) -> 2 | C4: =IFERROR(B4/$B$121,"") -> 0.00014619883 | E4: БЕЛАРУСЬ | F4: =COUNTIFS('ЕЖЕДНЕВНЫЙ УЧЕТ'!$G:$G,СВОД!$E4,'ЕЖЕДНЕВНЫЙ УЧЕТ'!$Q:$Q,СВОД!F$1) -> 30 | G4: =IFERROR(F4/$F$27,"") -> 0.014197823 | H4: =COUNTIFS('ЕЖЕДНЕВНЫЙ УЧЕТ'!$G:$G,СВОД!$E4,'ЕЖЕДНЕВНЫЙ УЧЕТ'!$Q:$Q,СВОД!H$1) -> 52 | I4: =IFERROR(H4/$H$27,"") -> 0.0044955477 | K4: =COUNTIFS('ЕЖЕДНЕВНЫЙ УЧЕТ'!$J:$J,$A4,'ЕЖЕДНЕВНЫЙ УЧЕТ'!$C:$C,K$1) -> 0 | L4: =COUNTIFS('ЕЖЕДНЕВНЫЙ УЧЕТ'!$J:$J,$A4,'ЕЖЕДНЕВНЫЙ УЧЕТ'!$C:$C,L$1) -> 0 | M4: =COUNTIFS('ЕЖЕДНЕВНЫЙ УЧЕТ'!$J:$J,$A4,'ЕЖЕДНЕВНЫЙ УЧЕТ'!$C:$C,M$1) -> 0 | N4: =COUNTIFS('ЕЖЕДНЕВНЫЙ УЧЕТ'!$J:$J,$A4,'ЕЖЕДНЕВНЫЙ УЧЕТ'!$C:$C,N$1) -> 0 | O4: =COUNTIFS('ЕЖЕДНЕВНЫЙ УЧЕТ'!$J:$J,$A4,'ЕЖЕДНЕВНЫЙ УЧЕТ'!$C:$C,O$1) -> 0 | P4: =COUNTIFS('ЕЖЕДНЕВНЫЙ УЧЕТ'!$J:$J,$A4,'ЕЖЕДНЕВНЫЙ УЧЕТ'!$C:$C,P$1) -> 0 | Q4: =COUNTIFS('ЕЖЕДНЕВНЫЙ УЧЕТ'!$J:$J,$A4,'ЕЖЕДНЕВНЫЙ УЧЕТ'!$C:$C,Q$1) -> 0 | R4: =COUNTIFS('ЕЖЕДНЕВНЫЙ УЧЕТ'!$J:$J,$A4,'ЕЖЕДНЕВНЫЙ УЧЕТ'!$C:$C,R$1) -> 0 | ... AU4: =COUNTIFS('ЕЖЕДНЕВНЫЙ УЧЕТ'!$J:$J,$A4,'ЕЖЕДНЕВНЫЙ УЧЕТ'!$C:$C,AU$1) -> 0
A5: Заместитель руководителя проекта по общим вопросам | B5: =COUNTIF('ЕЖЕДНЕВНЫЙ УЧЕТ'!J:J,СВОД!A5) -> 3 | C5: =IFERROR(B5/$B$121,"") -> 0.00021929825 | E5: БОСНИЯ И ГЕРЦЕГОВИНА | F5: =COUNTIFS('ЕЖЕДНЕВНЫЙ УЧЕТ'!$G:$G,СВОД!$E5,'ЕЖЕДНЕВНЫЙ УЧЕТ'!$Q:$Q,СВОД!F$1) -> 17 | G5: =IFERROR(F5/$F$27,"") -> 0.008045433 | H5: =COUNTIFS('ЕЖЕДНЕВНЫЙ УЧЕТ'!$G:$G,СВОД!$E5,'ЕЖЕДНЕВНЫЙ УЧЕТ'!$Q:$Q,СВОД!H$1) -> 3 | I5: =IFERROR(H5/$H$27,"") -> 0.00025935852 | K5: =COUNTIFS('ЕЖЕДНЕВНЫЙ УЧЕТ'!$J:$J,$A5,'ЕЖЕДНЕВНЫЙ УЧЕТ'!$C:$C,K$1) -> 0 | L5: =COUNTIFS('ЕЖЕДНЕВНЫЙ УЧЕТ'!$J:$J,$A5,'ЕЖЕДНЕВНЫЙ УЧЕТ'!$C:$C,L$1) -> 0 | M5: =COUNTIFS('ЕЖЕДНЕВНЫЙ УЧЕТ'!$J:$J,$A5,'ЕЖЕДНЕВНЫЙ УЧЕТ'!$C:$C,M$1) -> 0 | N5: =COUNTIFS('ЕЖЕДНЕВНЫЙ УЧЕТ'!$J:$J,$A5,'ЕЖЕДНЕВНЫЙ УЧЕТ'!$C:$C,N$1) -> 0 | O5: =COUNTIFS('ЕЖЕДНЕВНЫЙ УЧЕТ'!$J:$J,$A5,'ЕЖЕДНЕВНЫЙ УЧЕТ'!$C:$C,O$1) -> 0 | P5: =COUNTIFS('ЕЖЕДНЕВНЫЙ УЧЕТ'!$J:$J,$A5,'ЕЖЕДНЕВНЫЙ УЧЕТ'!$C:$C,P$1) -> 0 | Q5: =COUNTIFS('ЕЖЕДНЕВНЫЙ УЧЕТ'!$J:$J,$A5,'ЕЖЕДНЕВНЫЙ УЧЕТ'!$C:$C,Q$1) -> 0 | R5: =COUNTIFS('ЕЖЕДНЕВНЫЙ УЧЕТ'!$J:$J,$A5,'ЕЖЕДНЕВНЫЙ УЧЕТ'!$C:$C,R$1) -> 0 | ... AU5: =COUNTIFS('ЕЖЕДНЕВНЫЙ УЧЕТ'!$J:$J,$A5,'ЕЖЕДНЕВНЫЙ УЧЕТ'!$C:$C,AU$1) -> 0
A6: Руководитель объекта | B6: =COUNTIF('ЕЖЕДНЕВНЫЙ УЧЕТ'!J:J,СВОД!A6) -> 12 | C6: =IFERROR(B6/$B$121,"") -> 0.00087719298 | E6: ГАНА | F6: =COUNTIFS('ЕЖЕДНЕВНЫЙ УЧЕТ'!$G:$G,СВОД!$E6,'ЕЖЕДНЕВНЫЙ УЧЕТ'!$Q:$Q,СВОД!F$1) -> 0 | G6: =IFERROR(F6/$F$27,"") -> 0 | H6: =COUNTIFS('ЕЖЕДНЕВНЫЙ УЧЕТ'!$G:$G,СВОД!$E6,'ЕЖЕДНЕВНЫЙ УЧЕТ'!$Q:$Q,СВОД!H$1) -> 0 | I6: =IFERROR(H6/$H$27,"") -> 0 | K6: =COUNTIFS('ЕЖЕДНЕВНЫЙ УЧЕТ'!$J:$J,$A6,'ЕЖЕДНЕВНЫЙ УЧЕТ'!$C:$C,K$1) -> 0 | L6: =COUNTIFS('ЕЖЕДНЕВНЫЙ УЧЕТ'!$J:$J,$A6,'ЕЖЕДНЕВНЫЙ УЧЕТ'!$C:$C,L$1) -> 0 | M6: =COUNTIFS('ЕЖЕДНЕВНЫЙ УЧЕТ'!$J:$J,$A6,'ЕЖЕДНЕВНЫЙ УЧЕТ'!$C:$C,M$1) -> 0 | N6: =COUNTIFS('ЕЖЕДНЕВНЫЙ УЧЕТ'!$J:$J,$A6,'ЕЖЕДНЕВНЫЙ УЧЕТ'!$C:$C,N$1) -> 0 | O6: =COUNTIFS('ЕЖЕДНЕВНЫЙ УЧЕТ'!$J:$J,$A6,'ЕЖЕДНЕВНЫЙ УЧЕТ'!$C:$C,O$1) -> 0 | P6: =COUNTIFS('ЕЖЕДНЕВНЫЙ УЧЕТ'!$J:$J,$A6,'ЕЖЕДНЕВНЫЙ УЧЕТ'!$C:$C,P$1) -> 0 | Q6: =COUNTIFS('ЕЖЕДНЕВНЫЙ УЧЕТ'!$J:$J,$A6,'ЕЖЕДНЕВНЫЙ УЧЕТ'!$C:$C,Q$1) -> 0 | R6: =COUNTIFS('ЕЖЕДНЕВНЫЙ УЧЕТ'!$J:$J,$A6,'ЕЖЕДНЕВНЫЙ УЧЕТ'!$C:$C,R$1) -> 1 | ... AU6: =COUNTIFS('ЕЖЕДНЕВНЫЙ УЧЕТ'!$J:$J,$A6,'ЕЖЕДНЕВНЫЙ УЧЕТ'!$C:$C,AU$1) -> 0
A7: Руководитель группы трудовой миграции | B7: =COUNTIF('ЕЖЕДНЕВНЫЙ УЧЕТ'!J:J,СВОД!A7) -> 5 | C7: =IFERROR(B7/$B$121,"") -> 0.00036549708 | E7: ИНДИЯ | F7: =COUNTIFS('ЕЖЕДНЕВНЫЙ УЧЕТ'!$G:$G,СВОД!$E7,'ЕЖЕДНЕВНЫЙ УЧЕТ'!$Q:$Q,СВОД!F$1) -> 105 | G7: =IFERROR(F7/$F$27,"") -> 0.049692381 | H7: =COUNTIFS('ЕЖЕДНЕВНЫЙ УЧЕТ'!$G:$G,СВОД!$E7,'ЕЖЕДНЕВНЫЙ УЧЕТ'!$Q:$Q,СВОД!H$1) -> 1781 | I7: =IFERROR(H7/$H$27,"") -> 0.15397251 | K7: =COUNTIFS('ЕЖЕДНЕВНЫЙ УЧЕТ'!$J:$J,$A7,'ЕЖЕДНЕВНЫЙ УЧЕТ'!$C:$C,K$1) -> 0 | L7: =COUNTIFS('ЕЖЕДНЕВНЫЙ УЧЕТ'!$J:$J,$A7,'ЕЖЕДНЕВНЫЙ УЧЕТ'!$C:$C,L$1) -> 1 | M7: =COUNTIFS('ЕЖЕДНЕВНЫЙ УЧЕТ'!$J:$J,$A7,'ЕЖЕДНЕВНЫЙ УЧЕТ'!$C:$C,M$1) -> 0 | N7: =COUNTIFS('ЕЖЕДНЕВНЫЙ УЧЕТ'!$J:$J,$A7,'ЕЖЕДНЕВНЫЙ УЧЕТ'!$C:$C,N$1) -> 0 | O7: =COUNTIFS('ЕЖЕДНЕВНЫЙ УЧЕТ'!$J:$J,$A7,'ЕЖЕДНЕВНЫЙ УЧЕТ'!$C:$C,O$1) -> 0 | P7: =COUNTIFS('ЕЖЕДНЕВНЫЙ УЧЕТ'!$J:$J,$A7,'ЕЖЕДНЕВНЫЙ УЧЕТ'!$C:$C,P$1) -> 0 | Q7: =COUNTIFS('ЕЖЕДНЕВНЫЙ УЧЕТ'!$J:$J,$A7,'ЕЖЕДНЕВНЫЙ УЧЕТ'!$C:$C,Q$1) -> 0 | R7: =COUNTIFS('ЕЖЕДНЕВНЫЙ УЧЕТ'!$J:$J,$A7,'ЕЖЕДНЕВНЫЙ УЧЕТ'!$C:$C,R$1) -> 0 | ... AU7: =COUNTIFS('ЕЖЕДНЕВНЫЙ УЧЕТ'!$J:$J,$A7,'ЕЖЕДНЕВНЫЙ УЧЕТ'!$C:$C,AU$1) -> 0
A8: Главный специалист группы трудовой миграции | B8: =COUNTIF('ЕЖЕДНЕВНЫЙ УЧЕТ'!J:J,СВОД!A8) -> 0 | C8: =IFERROR(B8/$B$121,"") -> 0 | E8: КАЗАХСТАН | F8: =COUNTIFS('ЕЖЕДНЕВНЫЙ УЧЕТ'!$G:$G,СВОД!$E8,'ЕЖЕДНЕВНЫЙ УЧЕТ'!$Q:$Q,СВОД!F$1) -> 256 | G8: =IFERROR(F8/$F$27,"") -> 0.12115476 | H8: =COUNTIFS('ЕЖЕДНЕВНЫЙ УЧЕТ'!$G:$G,СВОД!$E8,'ЕЖЕДНЕВНЫЙ УЧЕТ'!$Q:$Q,СВОД!H$1) -> 2384 | I8: =IFERROR(H8/$H$27,"") -> 0.20610357 | K8: =COUNTIFS('ЕЖЕДНЕВНЫЙ УЧЕТ'!$J:$J,$A8,'ЕЖЕДНЕВНЫЙ УЧЕТ'!$C:$C,K$1) -> 0 | L8: =COUNTIFS('ЕЖЕДНЕВНЫЙ УЧЕТ'!$J:$J,$A8,'ЕЖЕДНЕВНЫЙ УЧЕТ'!$C:$C,L$1) -> 0 | M8: =COUNTIFS('ЕЖЕДНЕВНЫЙ УЧЕТ'!$J:$J,$A8,'ЕЖЕДНЕВНЫЙ УЧЕТ'!$C:$C,M$1) -> 0 | N8: =COUNTIFS('ЕЖЕДНЕВНЫЙ УЧЕТ'!$J:$J,$A8,'ЕЖЕДНЕВНЫЙ УЧЕТ'!$C:$C,N$1) -> 0 | O8: =COUNTIFS('ЕЖЕДНЕВНЫЙ УЧЕТ'!$J:$J,$A8,'ЕЖЕДНЕВНЫЙ УЧЕТ'!$C:$C,O$1) -> 0 | P8: =COUNTIFS('ЕЖЕДНЕВНЫЙ УЧЕТ'!$J:$J,$A8,'ЕЖЕДНЕВНЫЙ УЧЕТ'!$C:$C,P$1) -> 0 | Q8: =COUNTIFS('ЕЖЕДНЕВНЫЙ УЧЕТ'!$J:$J,$A8,'ЕЖЕДНЕВНЫЙ УЧЕТ'!$C:$C,Q$1) -> 0 | R8: =COUNTIFS('ЕЖЕДНЕВНЫЙ УЧЕТ'!$J:$J,$A8,'ЕЖЕДНЕВНЫЙ УЧЕТ'!$C:$C,R$1) -> 0 | ... AU8: =COUNTIFS('ЕЖЕДНЕВНЫЙ УЧЕТ'!$J:$J,$A8,'ЕЖЕДНЕВНЫЙ УЧЕТ'!$C:$C,AU$1) -> 0
A9: Ведущий специалист группы трудовой миграции | B9: =COUNTIF('ЕЖЕДНЕВНЫЙ УЧЕТ'!J:J,СВОД!A9) -> 10 | C9: =IFERROR(B9/$B$121,"") -> 0.00073099415 | E9: КИРГИЗИЯ | F9: =COUNTIFS('ЕЖЕДНЕВНЫЙ УЧЕТ'!$G:$G,СВОД!$E9,'ЕЖЕДНЕВНЫЙ УЧЕТ'!$Q:$Q,СВОД!F$1) -> 144 | G9: =IFERROR(F9/$F$27,"") -> 0.06814955 | H9: =COUNTIFS('ЕЖЕДНЕВНЫЙ УЧЕТ'!$G:$G,СВОД!$E9,'ЕЖЕДНЕВНЫЙ УЧЕТ'!$Q:$Q,СВОД!H$1) -> 1803 | I9: =IFERROR(H9/$H$27,"") -> 0.15587447 | K9: =COUNTIFS('ЕЖЕДНЕВНЫЙ УЧЕТ'!$J:$J,$A9,'ЕЖЕДНЕВНЫЙ УЧЕТ'!$C:$C,K$1) -> 0 | L9: =COUNTIFS('ЕЖЕДНЕВНЫЙ УЧЕТ'!$J:$J,$A9,'ЕЖЕДНЕВНЫЙ УЧЕТ'!$C:$C,L$1) -> 0 | M9: =COUNTIFS('ЕЖЕДНЕВНЫЙ УЧЕТ'!$J:$J,$A9,'ЕЖЕДНЕВНЫЙ УЧЕТ'!$C:$C,M$1) -> 0 | N9: =COUNTIFS('ЕЖЕДНЕВНЫЙ УЧЕТ'!$J:$J,$A9,'ЕЖЕДНЕВНЫЙ УЧЕТ'!$C:$C,N$1) -> 0 | O9: =COUNTIFS('ЕЖЕДНЕВНЫЙ УЧЕТ'!$J:$J,$A9,'ЕЖЕДНЕВНЫЙ УЧЕТ'!$C:$C,O$1) -> 1 | P9: =COUNTIFS('ЕЖЕДНЕВНЫЙ УЧЕТ'!$J:$J,$A9,'ЕЖЕДНЕВНЫЙ УЧЕТ'!$C:$C,P$1) -> 0 | Q9: =COUNTIFS('ЕЖЕДНЕВНЫЙ УЧЕТ'!$J:$J,$A9,'ЕЖЕДНЕВНЫЙ УЧЕТ'!$C:$C,Q$1) -> 0 | R9: =COUNTIFS('ЕЖЕДНЕВНЫЙ УЧЕТ'!$J:$J,$A9,'ЕЖЕДНЕВНЫЙ УЧЕТ'!$C:$C,R$1) -> 0 | ... AU9: =COUNTIFS('ЕЖЕДНЕВНЫЙ УЧЕТ'!$J:$J,$A9,'ЕЖЕДНЕВНЫЙ УЧЕТ'!$C:$C,AU$1) -> 0
A10: Специалист группы трудовой миграции | B10: =COUNTIF('ЕЖЕДНЕВНЫЙ УЧЕТ'!J:J,СВОД!A10) -> 55 | C10: =IFERROR(B10/$B$121,"") -> 0.0040204678 | E10: КИТАЙ | F10: =COUNTIFS('ЕЖЕДНЕВНЫЙ УЧЕТ'!$G:$G,СВОД!$E10,'ЕЖЕДНЕВНЫЙ УЧЕТ'!$Q:$Q,СВОД!F$1) -> 9 | G10: =IFERROR(F10/$F$27,"") -> 0.0042593469 | H10: =COUNTIFS('ЕЖЕДНЕВНЫЙ УЧЕТ'!$G:$G,СВОД!$E10,'ЕЖЕДНЕВНЫЙ УЧЕТ'!$Q:$Q,СВОД!H$1) -> 72 | I10: =IFERROR(H10/$H$27,"") -> 0.0062246045 | K10: =COUNTIFS('ЕЖЕДНЕВНЫЙ УЧЕТ'!$J:$J,$A10,'ЕЖЕДНЕВНЫЙ УЧЕТ'!$C:$C,K$1) -> 0 | L10: =COUNTIFS('ЕЖЕДНЕВНЫЙ УЧЕТ'!$J:$J,$A10,'ЕЖЕДНЕВНЫЙ УЧЕТ'!$C:$C,L$1) -> 0 | M10: =COUNTIFS('ЕЖЕДНЕВНЫЙ УЧЕТ'!$J:$J,$A10,'ЕЖЕДНЕВНЫЙ УЧЕТ'!$C:$C,M$1) -> 1 | N10: =COUNTIFS('ЕЖЕДНЕВНЫЙ УЧЕТ'!$J:$J,$A10,'ЕЖЕДНЕВНЫЙ УЧЕТ'!$C:$C,N$1) -> 0 | O10: =COUNTIFS('ЕЖЕДНЕВНЫЙ УЧЕТ'!$J:$J,$A10,'ЕЖЕДНЕВНЫЙ УЧЕТ'!$C:$C,O$1) -> 9 | P10: =COUNTIFS('ЕЖЕДНЕВНЫЙ УЧЕТ'!$J:$J,$A10,'ЕЖЕДНЕВНЫЙ УЧЕТ'!$C:$C,P$1) -> 0 | Q10: =COUNTIFS('ЕЖЕДНЕВНЫЙ УЧЕТ'!$J:$J,$A10,'ЕЖЕДНЕВНЫЙ УЧЕТ'!$C:$C,Q$1) -> 0 | R10: =COUNTIFS('ЕЖЕДНЕВНЫЙ УЧЕТ'!$J:$J,$A10,'ЕЖЕДНЕВНЫЙ УЧЕТ'!$C:$C,R$1) -> 0 | ... AU10: =COUNTIFS('ЕЖЕДНЕВНЫЙ УЧЕТ'!$J:$J,$A10,'ЕЖЕДНЕВНЫЙ УЧЕТ'!$C:$C,AU$1) -> 1
A11: Руководитель группы кадрового документооборота | B11: =COUNTIF('ЕЖЕДНЕВНЫЙ УЧЕТ'!J:J,СВОД!A11) -> 4 | C11: =IFERROR(B11/$B$121,"") -> 0.00029239766 | E11: МОЛДОВА, РЕСПУБЛИКА | F11: =COUNTIFS('ЕЖЕДНЕВНЫЙ УЧЕТ'!$G:$G,СВОД!$E11,'ЕЖЕДНЕВНЫЙ УЧЕТ'!$Q:$Q,СВОД!F$1) -> 0 | G11: =IFERROR(F11/$F$27,"") -> 0 | H11: =COUNTIFS('ЕЖЕДНЕВНЫЙ УЧЕТ'!$G:$G,СВОД!$E11,'ЕЖЕДНЕВНЫЙ УЧЕТ'!$Q:$Q,СВОД!H$1) -> 0 | I11: =IFERROR(H11/$H$27,"") -> 0 | K11: =COUNTIFS('ЕЖЕДНЕВНЫЙ УЧЕТ'!$J:$J,$A11,'ЕЖЕДНЕВНЫЙ УЧЕТ'!$C:$C,K$1) -> 0 | L11: =COUNTIFS('ЕЖЕДНЕВНЫЙ УЧЕТ'!$J:$J,$A11,'ЕЖЕДНЕВНЫЙ УЧЕТ'!$C:$C,L$1) -> 0 | M11: =COUNTIFS('ЕЖЕДНЕВНЫЙ УЧЕТ'!$J:$J,$A11,'ЕЖЕДНЕВНЫЙ УЧЕТ'!$C:$C,M$1) -> 0 | N11: =COUNTIFS('ЕЖЕДНЕВНЫЙ УЧЕТ'!$J:$J,$A11,'ЕЖЕДНЕВНЫЙ УЧЕТ'!$C:$C,N$1) -> 0 | O11: =COUNTIFS('ЕЖЕДНЕВНЫЙ УЧЕТ'!$J:$J,$A11,'ЕЖЕДНЕВНЫЙ УЧЕТ'!$C:$C,O$1) -> 0 | P11: =COUNTIFS('ЕЖЕДНЕВНЫЙ УЧЕТ'!$J:$J,$A11,'ЕЖЕДНЕВНЫЙ УЧЕТ'!$C:$C,P$1) -> 0 | Q11: =COUNTIFS('ЕЖЕДНЕВНЫЙ УЧЕТ'!$J:$J,$A11,'ЕЖЕДНЕВНЫЙ УЧЕТ'!$C:$C,Q$1) -> 1 | R11: =COUNTIFS('ЕЖЕДНЕВНЫЙ УЧЕТ'!$J:$J,$A11,'ЕЖЕДНЕВНЫЙ УЧЕТ'!$C:$C,R$1) -> 0 | ... AU11: =COUNTIFS('ЕЖЕДНЕВНЫЙ УЧЕТ'!$J:$J,$A11,'ЕЖЕДНЕВНЫЙ УЧЕТ'!$C:$C,AU$1) -> 0
A12: Главный специалист по кадрам | B12: =COUNTIF('ЕЖЕДНЕВНЫЙ УЧЕТ'!J:J,СВОД!A12) -> 0 | C12: =IFERROR(B12/$B$121,"") -> 0 | E12: ПАКИСТАН | F12: =COUNTIFS('ЕЖЕДНЕВНЫЙ УЧЕТ'!$G:$G,СВОД!$E12,'ЕЖЕДНЕВНЫЙ УЧЕТ'!$Q:$Q,СВОД!F$1) -> 1 | G12: =IFERROR(F12/$F$27,"") -> 0.00047326077 | H12: =COUNTIFS('ЕЖЕДНЕВНЫЙ УЧЕТ'!$G:$G,СВОД!$E12,'ЕЖЕДНЕВНЫЙ УЧЕТ'!$Q:$Q,СВОД!H$1) -> 0 | I12: =IFERROR(H12/$H$27,"") -> 0 | K12: =COUNTIFS('ЕЖЕДНЕВНЫЙ УЧЕТ'!$J:$J,$A12,'ЕЖЕДНЕВНЫЙ УЧЕТ'!$C:$C,K$1) -> 0 | L12: =COUNTIFS('ЕЖЕДНЕВНЫЙ УЧЕТ'!$J:$J,$A12,'ЕЖЕДНЕВНЫЙ УЧЕТ'!$C:$C,L$1) -> 0 | M12: =COUNTIFS('ЕЖЕДНЕВНЫЙ УЧЕТ'!$J:$J,$A12,'ЕЖЕДНЕВНЫЙ УЧЕТ'!$C:$C,M$1) -> 0 | N12: =COUNTIFS('ЕЖЕДНЕВНЫЙ УЧЕТ'!$J:$J,$A12,'ЕЖЕДНЕВНЫЙ УЧЕТ'!$C:$C,N$1) -> 0 | O12: =COUNTIFS('ЕЖЕДНЕВНЫЙ УЧЕТ'!$J:$J,$A12,'ЕЖЕДНЕВНЫЙ УЧЕТ'!$C:$C,O$1) -> 0 | P12: =COUNTIFS('ЕЖЕДНЕВНЫЙ УЧЕТ'!$J:$J,$A12,'ЕЖЕДНЕВНЫЙ УЧЕТ'!$C:$C,P$1) -> 0 | Q12: =COUNTIFS('ЕЖЕДНЕВНЫЙ УЧЕТ'!$J:$J,$A12,'ЕЖЕДНЕВНЫЙ УЧЕТ'!$C:$C,Q$1) -> 0 | R12: =COUNTIFS('ЕЖЕДНЕВНЫЙ УЧЕТ'!$J:$J,$A12,'ЕЖЕДНЕВНЫЙ УЧЕТ'!$C:$C,R$1) -> 0 | ... AU12: =COUNTIFS('ЕЖЕДНЕВНЫЙ УЧЕТ'!$J:$J,$A12,'ЕЖЕДНЕВНЫЙ УЧЕТ'!$C:$C,AU$1) -> 0
A13: Ведущий специалист по кадрам | B13: =COUNTIF('ЕЖЕДНЕВНЫЙ УЧЕТ'!J:J,СВОД!A13) -> 9 | C13: =IFERROR(B13/$B$121,"") -> 0.00065789474 | E13: РОССИЯ | F13: =COUNTIFS('ЕЖЕДНЕВНЫЙ УЧЕТ'!$G:$G,СВОД!$E13,'ЕЖЕДНЕВНЫЙ УЧЕТ'!$Q:$Q,СВОД!F$1) -> 1116 | G13: =IFERROR(F13/$F$27,"") -> 0.52815902 | H13: =COUNTIFS('ЕЖЕДНЕВНЫЙ УЧЕТ'!$G:$G,СВОД!$E13,'ЕЖЕДНЕВНЫЙ УЧЕТ'!$Q:$Q,СВОД!H$1) -> 531 | I13: =IFERROR(H13/$H$27,"") -> 0.045906458 | K13: =COUNTIFS('ЕЖЕДНЕВНЫЙ УЧЕТ'!$J:$J,$A13,'ЕЖЕДНЕВНЫЙ УЧЕТ'!$C:$C,K$1) -> 0 | L13: =COUNTIFS('ЕЖЕДНЕВНЫЙ УЧЕТ'!$J:$J,$A13,'ЕЖЕДНЕВНЫЙ УЧЕТ'!$C:$C,L$1) -> 0 | M13: =COUNTIFS('ЕЖЕДНЕВНЫЙ УЧЕТ'!$J:$J,$A13,'ЕЖЕДНЕВНЫЙ УЧЕТ'!$C:$C,M$1) -> 1 | N13: =COUNTIFS('ЕЖЕДНЕВНЫЙ УЧЕТ'!$J:$J,$A13,'ЕЖЕДНЕВНЫЙ УЧЕТ'!$C:$C,N$1) -> 0 | O13: =COUNTIFS('ЕЖЕДНЕВНЫЙ УЧЕТ'!$J:$J,$A13,'ЕЖЕДНЕВНЫЙ УЧЕТ'!$C:$C,O$1) -> 1 | P13: =COUNTIFS('ЕЖЕДНЕВНЫЙ УЧЕТ'!$J:$J,$A13,'ЕЖЕДНЕВНЫЙ УЧЕТ'!$C:$C,P$1) -> 0 | Q13: =COUNTIFS('ЕЖЕДНЕВНЫЙ УЧЕТ'!$J:$J,$A13,'ЕЖЕДНЕВНЫЙ УЧЕТ'!$C:$C,Q$1) -> 0 | R13: =COUNTIFS('ЕЖЕДНЕВНЫЙ УЧЕТ'!$J:$J,$A13,'ЕЖЕДНЕВНЫЙ УЧЕТ'!$C:$C,R$1) -> 0 | ... AU13: =COUNTIFS('ЕЖЕДНЕВНЫЙ УЧЕТ'!$J:$J,$A13,'ЕЖЕДНЕВНЫЙ УЧЕТ'!$C:$C,AU$1) -> 0
A14: Специалист по кадрам | B14: =COUNTIF('ЕЖЕДНЕВНЫЙ УЧЕТ'!J:J,СВОД!A14) -> 35 | C14: =IFERROR(B14/$B$121,"") -> 0.0025584795 | E14: СЕВЕРНАЯ КОРЕЯ | F14: =COUNTIFS('ЕЖЕДНЕВНЫЙ УЧЕТ'!$G:$G,СВОД!$E14,'ЕЖЕДНЕВНЫЙ УЧЕТ'!$Q:$Q,СВОД!F$1) -> 0 | G14: =IFERROR(F14/$F$27,"") -> 0 | H14: =COUNTIFS('ЕЖЕДНЕВНЫЙ УЧЕТ'!$G:$G,СВОД!$E14,'ЕЖЕДНЕВНЫЙ УЧЕТ'!$Q:$Q,СВОД!H$1) -> 0 | I14: =IFERROR(H14/$H$27,"") -> 0 | K14: =COUNTIFS('ЕЖЕДНЕВНЫЙ УЧЕТ'!$J:$J,$A14,'ЕЖЕДНЕВНЫЙ УЧЕТ'!$C:$C,K$1) -> 0 | L14: =COUNTIFS('ЕЖЕДНЕВНЫЙ УЧЕТ'!$J:$J,$A14,'ЕЖЕДНЕВНЫЙ УЧЕТ'!$C:$C,L$1) -> 0 | M14: =COUNTIFS('ЕЖЕДНЕВНЫЙ УЧЕТ'!$J:$J,$A14,'ЕЖЕДНЕВНЫЙ УЧЕТ'!$C:$C,M$1) -> 0 | N14: =COUNTIFS('ЕЖЕДНЕВНЫЙ УЧЕТ'!$J:$J,$A14,'ЕЖЕДНЕВНЫЙ УЧЕТ'!$C:$C,N$1) -> 0 | O14: =COUNTIFS('ЕЖЕДНЕВНЫЙ УЧЕТ'!$J:$J,$A14,'ЕЖЕДНЕВНЫЙ УЧЕТ'!$C:$C,O$1) -> 7 | P14: =COUNTIFS('ЕЖЕДНЕВНЫЙ УЧЕТ'!$J:$J,$A14,'ЕЖЕДНЕВНЫЙ УЧЕТ'!$C:$C,P$1) -> 0 | Q14: =COUNTIFS('ЕЖЕДНЕВНЫЙ УЧЕТ'!$J:$J,$A14,'ЕЖЕДНЕВНЫЙ УЧЕТ'!$C:$C,Q$1) -> 0 | R14: =COUNTIFS('ЕЖЕДНЕВНЫЙ УЧЕТ'!$J:$J,$A14,'ЕЖЕДНЕВНЫЙ УЧЕТ'!$C:$C,R$1) -> 0 | ... AU14: =COUNTIFS('ЕЖЕДНЕВНЫЙ УЧЕТ'!$J:$J,$A14,'ЕЖЕДНЕВНЫЙ УЧЕТ'!$C:$C,AU$1) -> 0
A15: Ведущий специалист группы по подбору и адаптации | B15: =COUNTIF('ЕЖЕДНЕВНЫЙ УЧЕТ'!J:J,СВОД!A15) -> 6 | C15: =IFERROR(B15/$B$121,"") -> 0.00043859649 | E15: СЕВЕРНАЯ МАКЕДОНИЯ | F15: =COUNTIFS('ЕЖЕДНЕВНЫЙ УЧЕТ'!$G:$G,СВОД!$E15,'ЕЖЕДНЕВНЫЙ УЧЕТ'!$Q:$Q,СВОД!F$1) -> 1 | G15: =IFERROR(F15/$F$27,"") -> 0.00047326077 | H15: =COUNTIFS('ЕЖЕДНЕВНЫЙ УЧЕТ'!$G:$G,СВОД!$E15,'ЕЖЕДНЕВНЫЙ УЧЕТ'!$Q:$Q,СВОД!H$1) -> 1 | I15: =IFERROR(H15/$H$27,"") -> 8.645284e-05 | K15: =COUNTIFS('ЕЖЕДНЕВНЫЙ УЧЕТ'!$J:$J,$A15,'ЕЖЕДНЕВНЫЙ УЧЕТ'!$C:$C,K$1) -> 0 | L15: =COUNTIFS('ЕЖЕДНЕВНЫЙ УЧЕТ'!$J:$J,$A15,'ЕЖЕДНЕВНЫЙ УЧЕТ'!$C:$C,L$1) -> 0 | M15: =COUNTIFS('ЕЖЕДНЕВНЫЙ УЧЕТ'!$J:$J,$A15,'ЕЖЕДНЕВНЫЙ УЧЕТ'!$C:$C,M$1) -> 0 | N15: =COUNTIFS('ЕЖЕДНЕВНЫЙ УЧЕТ'!$J:$J,$A15,'ЕЖЕДНЕВНЫЙ УЧЕТ'!$C:$C,N$1) -> 0 | O15: =COUNTIFS('ЕЖЕДНЕВНЫЙ УЧЕТ'!$J:$J,$A15,'ЕЖЕДНЕВНЫЙ УЧЕТ'!$C:$C,O$1) -> 0 | P15: =COUNTIFS('ЕЖЕДНЕВНЫЙ УЧЕТ'!$J:$J,$A15,'ЕЖЕДНЕВНЫЙ УЧЕТ'!$C:$C,P$1) -> 0 | Q15: =COUNTIFS('ЕЖЕДНЕВНЫЙ УЧЕТ'!$J:$J,$A15,'ЕЖЕДНЕВНЫЙ УЧЕТ'!$C:$C,Q$1) -> 0 | R15: =COUNTIFS('ЕЖЕДНЕВНЫЙ УЧЕТ'!$J:$J,$A15,'ЕЖЕДНЕВНЫЙ УЧЕТ'!$C:$C,R$1) -> 0 | ... AI15: =COUNTIFS('ЕЖЕДНЕВНЫЙ УЧЕТ'!$J:$J,$A15,'ЕЖЕДНЕВНЫЙ УЧЕТ'!$C:$C,AI$1) -> 0 | AK15: =COUNTIFS('ЕЖЕДНЕВНЫЙ УЧЕТ'!$J:$J,$A15,'ЕЖЕДНЕВНЫЙ УЧЕТ'!$C:$C,AK$1) -> 0 | AL15: =COUNTIFS('ЕЖЕДНЕВНЫЙ УЧЕТ'!$J:$J,$A15,'ЕЖЕДНЕВНЫЙ УЧЕТ'!$C:$C,AL$1) -> 0 | AM15: =COUNTIFS('ЕЖЕДНЕВНЫЙ УЧЕТ'!$J:$J,$A15,'ЕЖЕДНЕВНЫЙ УЧЕТ'!$C:$C,AM$1) -> 0 | AN15: =COUNTIFS('ЕЖЕДНЕВНЫЙ УЧЕТ'!$J:$J,$A15,'ЕЖЕДНЕВНЫЙ УЧЕТ'!$C:$C,AN$1) -> 0 | AO15: =COUNTIFS('ЕЖЕДНЕВНЫЙ УЧЕТ'!$J:$J,$A15,'ЕЖЕДНЕВНЫЙ УЧЕТ'!$C:$C,AO$1) -> 1 | AP15: =COUNTIFS('ЕЖЕДНЕВНЫЙ УЧЕТ'!$J:$J,$A15,'ЕЖЕДНЕВНЫЙ УЧЕТ'!$C:$C,AP$1) -> 0 | AQ15: =COUNTIFS('ЕЖЕДНЕВНЫЙ УЧЕТ'!$J:$J,$A15,'ЕЖЕДНЕВНЫЙ УЧЕТ'!$C:$C,AQ$1) -> 0 | AR15: =COUNTIFS('ЕЖЕДНЕВНЫЙ УЧЕТ'!$J:$J,$A15,'ЕЖЕДНЕВНЫЙ УЧЕТ'!$C:$C,AR$1) -> 1 | ... AU15: =COUNTIFS('ЕЖЕДНЕВНЫЙ УЧЕТ'!$J:$J,$A15,'ЕЖЕДНЕВНЫЙ УЧЕТ'!$C:$C,AU$1) -> 0
A16: Специалист группы по подбору и адаптации | B16: =COUNTIF('ЕЖЕДНЕВНЫЙ УЧЕТ'!J:J,СВОД!A16) -> 11 | C16: =IFERROR(B16/$B$121,"") -> 0.00080409357 | E16: СЕРБИЯ | F16: =COUNTIFS('ЕЖЕДНЕВНЫЙ УЧЕТ'!$G:$G,СВОД!$E16,'ЕЖЕДНЕВНЫЙ УЧЕТ'!$Q:$Q,СВОД!F$1) -> 289 | G16: =IFERROR(F16/$F$27,"") -> 0.13677236 | H16: =COUNTIFS('ЕЖЕДНЕВНЫЙ УЧЕТ'!$G:$G,СВОД!$E16,'ЕЖЕДНЕВНЫЙ УЧЕТ'!$Q:$Q,СВОД!H$1) -> 178 | I16: =IFERROR(H16/$H$27,"") -> 0.015388606 | K16: =COUNTIFS('ЕЖЕДНЕВНЫЙ УЧЕТ'!$J:$J,$A16,'ЕЖЕДНЕВНЫЙ УЧЕТ'!$C:$C,K$1) -> 0 | L16: =COUNTIFS('ЕЖЕДНЕВНЫЙ УЧЕТ'!$J:$J,$A16,'ЕЖЕДНЕВНЫЙ УЧЕТ'!$C:$C,L$1) -> 0 | M16: =COUNTIFS('ЕЖЕДНЕВНЫЙ УЧЕТ'!$J:$J,$A16,'ЕЖЕДНЕВНЫЙ УЧЕТ'!$C:$C,M$1) -> 0 | N16: =COUNTIFS('ЕЖЕДНЕВНЫЙ УЧЕТ'!$J:$J,$A16,'ЕЖЕДНЕВНЫЙ УЧЕТ'!$C:$C,N$1) -> 0 | O16: =COUNTIFS('ЕЖЕДНЕВНЫЙ УЧЕТ'!$J:$J,$A16,'ЕЖЕДНЕВНЫЙ УЧЕТ'!$C:$C,O$1) -> 2 | P16: =COUNTIFS('ЕЖЕДНЕВНЫЙ УЧЕТ'!$J:$J,$A16,'ЕЖЕДНЕВНЫЙ УЧЕТ'!$C:$C,P$1) -> 0 | Q16: =COUNTIFS('ЕЖЕДНЕВНЫЙ УЧЕТ'!$J:$J,$A16,'ЕЖЕДНЕВНЫЙ УЧЕТ'!$C:$C,Q$1) -> 0 | R16: =COUNTIFS('ЕЖЕДНЕВНЫЙ УЧЕТ'!$J:$J,$A16,'ЕЖЕДНЕВНЫЙ УЧЕТ'!$C:$C,R$1) -> 0 | ... AU16: =COUNTIFS('ЕЖЕДНЕВНЫЙ УЧЕТ'!$J:$J,$A16,'ЕЖЕДНЕВНЫЙ УЧЕТ'!$C:$C,AU$1) -> 0
A17: Ведуший специалист группы по обучению | B17: =COUNTIF('ЕЖЕДНЕВНЫЙ УЧЕТ'!J:J,СВОД!A17) -> 0 | C17: =IFERROR(B17/$B$121,"") -> 0 | E17: СИРИЙСКАЯ АРАБСКАЯ РЕСПУБЛИКА | F17: =COUNTIFS('ЕЖЕДНЕВНЫЙ УЧЕТ'!$G:$G,СВОД!$E17,'ЕЖЕДНЕВНЫЙ УЧЕТ'!$Q:$Q,СВОД!F$1) -> 1 | G17: =IFERROR(F17/$F$27,"") -> 0.00047326077 | H17: =COUNTIFS('ЕЖЕДНЕВНЫЙ УЧЕТ'!$G:$G,СВОД!$E17,'ЕЖЕДНЕВНЫЙ УЧЕТ'!$Q:$Q,СВОД!H$1) -> 0 | I17: =IFERROR(H17/$H$27,"") -> 0 | K17: =COUNTIFS('ЕЖЕДНЕВНЫЙ УЧЕТ'!$J:$J,$A17,'ЕЖЕДНЕВНЫЙ УЧЕТ'!$C:$C,K$1) -> 0 | L17: =COUNTIFS('ЕЖЕДНЕВНЫЙ УЧЕТ'!$J:$J,$A17,'ЕЖЕДНЕВНЫЙ УЧЕТ'!$C:$C,L$1) -> 0 | M17: =COUNTIFS('ЕЖЕДНЕВНЫЙ УЧЕТ'!$J:$J,$A17,'ЕЖЕДНЕВНЫЙ УЧЕТ'!$C:$C,M$1) -> 0 | N17: =COUNTIFS('ЕЖЕДНЕВНЫЙ УЧЕТ'!$J:$J,$A17,'ЕЖЕДНЕВНЫЙ УЧЕТ'!$C:$C,N$1) -> 0 | O17: =COUNTIFS('ЕЖЕДНЕВНЫЙ УЧЕТ'!$J:$J,$A17,'ЕЖЕДНЕВНЫЙ УЧЕТ'!$C:$C,O$1) -> 0 | P17: =COUNTIFS('ЕЖЕДНЕВНЫЙ УЧЕТ'!$J:$J,$A17,'ЕЖЕДНЕВНЫЙ УЧЕТ'!$C:$C,P$1) -> 0 | Q17: =COUNTIFS('ЕЖЕДНЕВНЫЙ УЧЕТ'!$J:$J,$A17,'ЕЖЕДНЕВНЫЙ УЧЕТ'!$C:$C,Q$1) -> 0 | R17: =COUNTIFS('ЕЖЕДНЕВНЫЙ УЧЕТ'!$J:$J,$A17,'ЕЖЕДНЕВНЫЙ УЧЕТ'!$C:$C,R$1) -> 0 | ... AU17: =COUNTIFS('ЕЖЕДНЕВНЫЙ УЧЕТ'!$J:$J,$A17,'ЕЖЕДНЕВНЫЙ УЧЕТ'!$C:$C,AU$1) -> 0
A18: Специалист группы по обучению | B18: =COUNTIF('ЕЖЕДНЕВНЫЙ УЧЕТ'!J:J,СВОД!A18) -> 6 | C18: =IFERROR(B18/$B$121,"") -> 0.00043859649 | E18: ТАДЖИКИСТАН | F18: =COUNTIFS('ЕЖЕДНЕВНЫЙ УЧЕТ'!$G:$G,СВОД!$E18,'ЕЖЕДНЕВНЫЙ УЧЕТ'!$Q:$Q,СВОД!F$1) -> 35 | G18: =IFERROR(F18/$F$27,"") -> 0.016564127 | H18: =COUNTIFS('ЕЖЕДНЕВНЫЙ УЧЕТ'!$G:$G,СВОД!$E18,'ЕЖЕДНЕВНЫЙ УЧЕТ'!$Q:$Q,СВОД!H$1) -> 477 | I18: =IFERROR(H18/$H$27,"") -> 0.041238005 | K18: =COUNTIFS('ЕЖЕДНЕВНЫЙ УЧЕТ'!$J:$J,$A18,'ЕЖЕДНЕВНЫЙ УЧЕТ'!$C:$C,K$1) -> 0 | L18: =COUNTIFS('ЕЖЕДНЕВНЫЙ УЧЕТ'!$J:$J,$A18,'ЕЖЕДНЕВНЫЙ УЧЕТ'!$C:$C,L$1) -> 0 | M18: =COUNTIFS('ЕЖЕДНЕВНЫЙ УЧЕТ'!$J:$J,$A18,'ЕЖЕДНЕВНЫЙ УЧЕТ'!$C:$C,M$1) -> 0 | N18: =COUNTIFS('ЕЖЕДНЕВНЫЙ УЧЕТ'!$J:$J,$A18,'ЕЖЕДНЕВНЫЙ УЧЕТ'!$C:$C,N$1) -> 0 | O18: =COUNTIFS('ЕЖЕДНЕВНЫЙ УЧЕТ'!$J:$J,$A18,'ЕЖЕДНЕВНЫЙ УЧЕТ'!$C:$C,O$1) -> 1 | P18: =COUNTIFS('ЕЖЕДНЕВНЫЙ УЧЕТ'!$J:$J,$A18,'ЕЖЕДНЕВНЫЙ УЧЕТ'!$C:$C,P$1) -> 0 | Q18: =COUNTIFS('ЕЖЕДНЕВНЫЙ УЧЕТ'!$J:$J,$A18,'ЕЖЕДНЕВНЫЙ УЧЕТ'!$C:$C,Q$1) -> 0 | R18: =COUNTIFS('ЕЖЕДНЕВНЫЙ УЧЕТ'!$J:$J,$A18,'ЕЖЕДНЕВНЫЙ УЧЕТ'!$C:$C,R$1) -> 0 | ... AU18: =COUNTIFS('ЕЖЕДНЕВНЫЙ УЧЕТ'!$J:$J,$A18,'ЕЖЕДНЕВНЫЙ УЧЕТ'!$C:$C,AU$1) -> 0
A19: Руководитель группы мобилизации и координации | B19: =COUNTIF('ЕЖЕДНЕВНЫЙ УЧЕТ'!J:J,СВОД!A19) -> 6 | C19: =IFERROR(B19/$B$121,"") -> 0.00043859649 | E19: ТУРКМЕНИСТАН | F19: =COUNTIFS('ЕЖЕДНЕВНЫЙ УЧЕТ'!$G:$G,СВОД!$E19,'ЕЖЕДНЕВНЫЙ УЧЕТ'!$Q:$Q,СВОД!F$1) -> 16 | G19: =IFERROR(F19/$F$27,"") -> 0.0075721723 | H19: =COUNTIFS('ЕЖЕДНЕВНЫЙ УЧЕТ'!$G:$G,СВОД!$E19,'ЕЖЕДНЕВНЫЙ УЧЕТ'!$Q:$Q,СВОД!H$1) -> 1546 | I19: =IFERROR(H19/$H$27,"") -> 0.13365609 | K19: =COUNTIFS('ЕЖЕДНЕВНЫЙ УЧЕТ'!$J:$J,$A19,'ЕЖЕДНЕВНЫЙ УЧЕТ'!$C:$C,K$1) -> 0 | L19: =COUNTIFS('ЕЖЕДНЕВНЫЙ УЧЕТ'!$J:$J,$A19,'ЕЖЕДНЕВНЫЙ УЧЕТ'!$C:$C,L$1) -> 0 | M19: =COUNTIFS('ЕЖЕДНЕВНЫЙ УЧЕТ'!$J:$J,$A19,'ЕЖЕДНЕВНЫЙ УЧЕТ'!$C:$C,M$1) -> 0 | N19: =COUNTIFS('ЕЖЕДНЕВНЫЙ УЧЕТ'!$J:$J,$A19,'ЕЖЕДНЕВНЫЙ УЧЕТ'!$C:$C,N$1) -> 0 | O19: =COUNTIFS('ЕЖЕДНЕВНЫЙ УЧЕТ'!$J:$J,$A19,'ЕЖЕДНЕВНЫЙ УЧЕТ'!$C:$C,O$1) -> 1 | P19: =COUNTIFS('ЕЖЕДНЕВНЫЙ УЧЕТ'!$J:$J,$A19,'ЕЖЕДНЕВНЫЙ УЧЕТ'!$C:$C,P$1) -> 0 | Q19: =COUNTIFS('ЕЖЕДНЕВНЫЙ УЧЕТ'!$J:$J,$A19,'ЕЖЕДНЕВНЫЙ УЧЕТ'!$C:$C,Q$1) -> 0 | R19: =COUNTIFS('ЕЖЕДНЕВНЫЙ УЧЕТ'!$J:$J,$A19,'ЕЖЕДНЕВНЫЙ УЧЕТ'!$C:$C,R$1) -> 1 | ... AU19: =COUNTIFS('ЕЖЕДНЕВНЫЙ УЧЕТ'!$J:$J,$A19,'ЕЖЕДНЕВНЫЙ УЧЕТ'!$C:$C,AU$1) -> 0
A20: Главный специалист группы мобилизации и координации | B20: =COUNTIF('ЕЖЕДНЕВНЫЙ УЧЕТ'!J:J,СВОД!A20) -> 0 | C20: =IFERROR(B20/$B$121,"") -> 0 | E20: ТУРЦИЯ | F20: =COUNTIFS('ЕЖЕДНЕВНЫЙ УЧЕТ'!$G:$G,СВОД!$E20,'ЕЖЕДНЕВНЫЙ УЧЕТ'!$Q:$Q,СВОД!F$1) -> 0 | G20: =IFERROR(F20/$F$27,"") -> 0 | H20: =COUNTIFS('ЕЖЕДНЕВНЫЙ УЧЕТ'!$G:$G,СВОД!$E20,'ЕЖЕДНЕВНЫЙ УЧЕТ'!$Q:$Q,СВОД!H$1) -> 0 | I20: =IFERROR(H20/$H$27,"") -> 0 | K20: =COUNTIFS('ЕЖЕДНЕВНЫЙ УЧЕТ'!$J:$J,$A20,'ЕЖЕДНЕВНЫЙ УЧЕТ'!$C:$C,K$1) -> 0 | L20: =COUNTIFS('ЕЖЕДНЕВНЫЙ УЧЕТ'!$J:$J,$A20,'ЕЖЕДНЕВНЫЙ УЧЕТ'!$C:$C,L$1) -> 0 | M20: =COUNTIFS('ЕЖЕДНЕВНЫЙ УЧЕТ'!$J:$J,$A20,'ЕЖЕДНЕВНЫЙ УЧЕТ'!$C:$C,M$1) -> 0 | N20: =COUNTIFS('ЕЖЕДНЕВНЫЙ УЧЕТ'!$J:$J,$A20,'ЕЖЕДНЕВНЫЙ УЧЕТ'!$C:$C,N$1) -> 0 | O20: =COUNTIFS('ЕЖЕДНЕВНЫЙ УЧЕТ'!$J:$J,$A20,'ЕЖЕДНЕВНЫЙ УЧЕТ'!$C:$C,O$1) -> 0 | P20: =COUNTIFS('ЕЖЕДНЕВНЫЙ УЧЕТ'!$J:$J,$A20,'ЕЖЕДНЕВНЫЙ УЧЕТ'!$C:$C,P$1) -> 0 | Q20: =COUNTIFS('ЕЖЕДНЕВНЫЙ УЧЕТ'!$J:$J,$A20,'ЕЖЕДНЕВНЫЙ УЧЕТ'!$C:$C,Q$1) -> 0 | R20: =COUNTIFS('ЕЖЕДНЕВНЫЙ УЧЕТ'!$J:$J,$A20,'ЕЖЕДНЕВНЫЙ УЧЕТ'!$C:$C,R$1) -> 0 | ... AU20: =COUNTIFS('ЕЖЕДНЕВНЫЙ УЧЕТ'!$J:$J,$A20,'ЕЖЕДНЕВНЫЙ УЧЕТ'!$C:$C,AU$1) -> 0
A21: Ведущий специалист группы мобилизации и координации | B21: =COUNTIF('ЕЖЕДНЕВНЫЙ УЧЕТ'!J:J,СВОД!A21) -> 10 | C21: =IFERROR(B21/$B$121,"") -> 0.00073099415 | E21: УЗБЕКИСТАН | F21: =COUNTIFS('ЕЖЕДНЕВНЫЙ УЧЕТ'!$G:$G,СВОД!$E21,'ЕЖЕДНЕВНЫЙ УЧЕТ'!$Q:$Q,СВОД!F$1) -> 91 | G21: =IFERROR(F21/$F$27,"") -> 0.04306673 | H21: =COUNTIFS('ЕЖЕДНЕВНЫЙ УЧЕТ'!$G:$G,СВОД!$E21,'ЕЖЕДНЕВНЫЙ УЧЕТ'!$Q:$Q,СВОД!H$1) -> 2739 | I21: =IFERROR(H21/$H$27,"") -> 0.23679433 | K21: =COUNTIFS('ЕЖЕДНЕВНЫЙ УЧЕТ'!$J:$J,$A21,'ЕЖЕДНЕВНЫЙ УЧЕТ'!$C:$C,K$1) -> 0 | L21: =COUNTIFS('ЕЖЕДНЕВНЫЙ УЧЕТ'!$J:$J,$A21,'ЕЖЕДНЕВНЫЙ УЧЕТ'!$C:$C,L$1) -> 0 | M21: =COUNTIFS('ЕЖЕДНЕВНЫЙ УЧЕТ'!$J:$J,$A21,'ЕЖЕДНЕВНЫЙ УЧЕТ'!$C:$C,M$1) -> 0 | N21: =COUNTIFS('ЕЖЕДНЕВНЫЙ УЧЕТ'!$J:$J,$A21,'ЕЖЕДНЕВНЫЙ УЧЕТ'!$C:$C,N$1) -> 0 | O21: =COUNTIFS('ЕЖЕДНЕВНЫЙ УЧЕТ'!$J:$J,$A21,'ЕЖЕДНЕВНЫЙ УЧЕТ'!$C:$C,O$1) -> 0 | P21: =COUNTIFS('ЕЖЕДНЕВНЫЙ УЧЕТ'!$J:$J,$A21,'ЕЖЕДНЕВНЫЙ УЧЕТ'!$C:$C,P$1) -> 0 | Q21: =COUNTIFS('ЕЖЕДНЕВНЫЙ УЧЕТ'!$J:$J,$A21,'ЕЖЕДНЕВНЫЙ УЧЕТ'!$C:$C,Q$1) -> 0 | R21: =COUNTIFS('ЕЖЕДНЕВНЫЙ УЧЕТ'!$J:$J,$A21,'ЕЖЕДНЕВНЫЙ УЧЕТ'!$C:$C,R$1) -> 0 | ... AU21: =COUNTIFS('ЕЖЕДНЕВНЫЙ УЧЕТ'!$J:$J,$A21,'ЕЖЕДНЕВНЫЙ УЧЕТ'!$C:$C,AU$1) -> 0
A22: Специалист группы мобилизации и координации | B22: =COUNTIF('ЕЖЕДНЕВНЫЙ УЧЕТ'!J:J,СВОД!A22) -> 34 | C22: =IFERROR(B22/$B$121,"") -> 0.0024853801 | E22: УКРАИНА | F22: =COUNTIFS('ЕЖЕДНЕВНЫЙ УЧЕТ'!$G:$G,СВОД!$E22,'ЕЖЕДНЕВНЫЙ УЧЕТ'!$Q:$Q,СВОД!F$1) -> 0 | G22: =IFERROR(F22/$F$27,"") -> 0 | H22: =COUNTIFS('ЕЖЕДНЕВНЫЙ УЧЕТ'!$G:$G,СВОД!$E22,'ЕЖЕДНЕВНЫЙ УЧЕТ'!$Q:$Q,СВОД!H$1) -> 0 | I22: =IFERROR(H22/$H$27,"") -> 0 | K22: =COUNTIFS('ЕЖЕДНЕВНЫЙ УЧЕТ'!$J:$J,$A22,'ЕЖЕДНЕВНЫЙ УЧЕТ'!$C:$C,K$1) -> 0 | L22: =COUNTIFS('ЕЖЕДНЕВНЫЙ УЧЕТ'!$J:$J,$A22,'ЕЖЕДНЕВНЫЙ УЧЕТ'!$C:$C,L$1) -> 0 | M22: =COUNTIFS('ЕЖЕДНЕВНЫЙ УЧЕТ'!$J:$J,$A22,'ЕЖЕДНЕВНЫЙ УЧЕТ'!$C:$C,M$1) -> 0 | N22: =COUNTIFS('ЕЖЕДНЕВНЫЙ УЧЕТ'!$J:$J,$A22,'ЕЖЕДНЕВНЫЙ УЧЕТ'!$C:$C,N$1) -> 0 | O22: =COUNTIFS('ЕЖЕДНЕВНЫЙ УЧЕТ'!$J:$J,$A22,'ЕЖЕДНЕВНЫЙ УЧЕТ'!$C:$C,O$1) -> 2 | P22: =COUNTIFS('ЕЖЕДНЕВНЫЙ УЧЕТ'!$J:$J,$A22,'ЕЖЕДНЕВНЫЙ УЧЕТ'!$C:$C,P$1) -> 0 | Q22: =COUNTIFS('ЕЖЕДНЕВНЫЙ УЧЕТ'!$J:$J,$A22,'ЕЖЕДНЕВНЫЙ УЧЕТ'!$C:$C,Q$1) -> 1 | R22: =COUNTIFS('ЕЖЕДНЕВНЫЙ УЧЕТ'!$J:$J,$A22,'ЕЖЕДНЕВНЫЙ УЧЕТ'!$C:$C,R$1) -> 0 | ... AU22: =COUNTIFS('ЕЖЕДНЕВНЫЙ УЧЕТ'!$J:$J,$A22,'ЕЖЕДНЕВНЫЙ УЧЕТ'!$C:$C,AU$1) -> 0
A23: Диспетчер группы мобилизации и координации | B23: =COUNTIF('ЕЖЕДНЕВНЫЙ УЧЕТ'!J:J,СВОД!A23) -> 20 | C23: =IFERROR(B23/$B$121,"") -> 0.0014619883 | E23: ХОРВАТИЯ | F23: =COUNTIFS('ЕЖЕДНЕВНЫЙ УЧЕТ'!$G:$G,СВОД!$E23,'ЕЖЕДНЕВНЫЙ УЧЕТ'!$Q:$Q,СВОД!F$1) -> 0 | G23: =IFERROR(F23/$F$27,"") -> 0 | H23: =COUNTIFS('ЕЖЕДНЕВНЫЙ УЧЕТ'!$G:$G,СВОД!$E23,'ЕЖЕДНЕВНЫЙ УЧЕТ'!$Q:$Q,СВОД!H$1) -> 0 | I23: =IFERROR(H23/$H$27,"") -> 0 | K23: =COUNTIFS('ЕЖЕДНЕВНЫЙ УЧЕТ'!$J:$J,$A23,'ЕЖЕДНЕВНЫЙ УЧЕТ'!$C:$C,K$1) -> 0 | L23: =COUNTIFS('ЕЖЕДНЕВНЫЙ УЧЕТ'!$J:$J,$A23,'ЕЖЕДНЕВНЫЙ УЧЕТ'!$C:$C,L$1) -> 0 | M23: =COUNTIFS('ЕЖЕДНЕВНЫЙ УЧЕТ'!$J:$J,$A23,'ЕЖЕДНЕВНЫЙ УЧЕТ'!$C:$C,M$1) -> 0 | N23: =COUNTIFS('ЕЖЕДНЕВНЫЙ УЧЕТ'!$J:$J,$A23,'ЕЖЕДНЕВНЫЙ УЧЕТ'!$C:$C,N$1) -> 0 | O23: =COUNTIFS('ЕЖЕДНЕВНЫЙ УЧЕТ'!$J:$J,$A23,'ЕЖЕДНЕВНЫЙ УЧЕТ'!$C:$C,O$1) -> 6 | P23: =COUNTIFS('ЕЖЕДНЕВНЫЙ УЧЕТ'!$J:$J,$A23,'ЕЖЕДНЕВНЫЙ УЧЕТ'!$C:$C,P$1) -> 0 | Q23: =COUNTIFS('ЕЖЕДНЕВНЫЙ УЧЕТ'!$J:$J,$A23,'ЕЖЕДНЕВНЫЙ УЧЕТ'!$C:$C,Q$1) -> 0 | R23: =COUNTIFS('ЕЖЕДНЕВНЫЙ УЧЕТ'!$J:$J,$A23,'ЕЖЕДНЕВНЫЙ УЧЕТ'!$C:$C,R$1) -> 0 | ... AU23: =COUNTIFS('ЕЖЕДНЕВНЫЙ УЧЕТ'!$J:$J,$A23,'ЕЖЕДНЕВНЫЙ УЧЕТ'!$C:$C,AU$1) -> 0
A24: Руководитель группы экономики труда | B24: =COUNTIF('ЕЖЕДНЕВНЫЙ УЧЕТ'!J:J,СВОД!A24) -> 1 | C24: =IFERROR(B24/$B$121,"") -> 7.3099415e-05 | E24: ЧЕРНОГОРИЯ | F24: =COUNTIFS('ЕЖЕДНЕВНЫЙ УЧЕТ'!$G:$G,СВОД!$E24,'ЕЖЕДНЕВНЫЙ УЧЕТ'!$Q:$Q,СВОД!F$1) -> 1 | G24: =IFERROR(F24/$F$27,"") -> 0.00047326077 | H24: =COUNTIFS('ЕЖЕДНЕВНЫЙ УЧЕТ'!$G:$G,СВОД!$E24,'ЕЖЕДНЕВНЫЙ УЧЕТ'!$Q:$Q,СВОД!H$1) -> 0 | I24: =IFERROR(H24/$H$27,"") -> 0 | K24: =COUNTIFS('ЕЖЕДНЕВНЫЙ УЧЕТ'!$J:$J,$A24,'ЕЖЕДНЕВНЫЙ УЧЕТ'!$C:$C,K$1) -> 0 | L24: =COUNTIFS('ЕЖЕДНЕВНЫЙ УЧЕТ'!$J:$J,$A24,'ЕЖЕДНЕВНЫЙ УЧЕТ'!$C:$C,L$1) -> 0 | M24: =COUNTIFS('ЕЖЕДНЕВНЫЙ УЧЕТ'!$J:$J,$A24,'ЕЖЕДНЕВНЫЙ УЧЕТ'!$C:$C,M$1) -> 0 | N24: =COUNTIFS('ЕЖЕДНЕВНЫЙ УЧЕТ'!$J:$J,$A24,'ЕЖЕДНЕВНЫЙ УЧЕТ'!$C:$C,N$1) -> 0 | O24: =COUNTIFS('ЕЖЕДНЕВНЫЙ УЧЕТ'!$J:$J,$A24,'ЕЖЕДНЕВНЫЙ УЧЕТ'!$C:$C,O$1) -> 0 | P24: =COUNTIFS('ЕЖЕДНЕВНЫЙ УЧЕТ'!$J:$J,$A24,'ЕЖЕДНЕВНЫЙ УЧЕТ'!$C:$C,P$1) -> 0 | Q24: =COUNTIFS('ЕЖЕДНЕВНЫЙ УЧЕТ'!$J:$J,$A24,'ЕЖЕДНЕВНЫЙ УЧЕТ'!$C:$C,Q$1) -> 0 | R24: =COUNTIFS('ЕЖЕДНЕВНЫЙ УЧЕТ'!$J:$J,$A24,'ЕЖЕДНЕВНЫЙ УЧЕТ'!$C:$C,R$1) -> 0 | ... AU24: =COUNTIFS('ЕЖЕДНЕВНЫЙ УЧЕТ'!$J:$J,$A24,'ЕЖЕДНЕВНЫЙ УЧЕТ'!$C:$C,AU$1) -> 0
A25: Ведущий экономист по труду | B25: =COUNTIF('ЕЖЕДНЕВНЫЙ УЧЕТ'!J:J,СВОД!A25) -> 3 | C25: =IFERROR(B25/$B$121,"") -> 0.00021929825 | K25: =COUNTIFS('ЕЖЕДНЕВНЫЙ УЧЕТ'!$J:$J,$A25,'ЕЖЕДНЕВНЫЙ УЧЕТ'!$C:$C,K$1) -> 0 | L25: =COUNTIFS('ЕЖЕДНЕВНЫЙ УЧЕТ'!$J:$J,$A25,'ЕЖЕДНЕВНЫЙ УЧЕТ'!$C:$C,L$1) -> 0 | M25: =COUNTIFS('ЕЖЕДНЕВНЫЙ УЧЕТ'!$J:$J,$A25,'ЕЖЕДНЕВНЫЙ УЧЕТ'!$C:$C,M$1) -> 0 | N25: =COUNTIFS('ЕЖЕДНЕВНЫЙ УЧЕТ'!$J:$J,$A25,'ЕЖЕДНЕВНЫЙ УЧЕТ'!$C:$C,N$1) -> 0 | O25: =COUNTIFS('ЕЖЕДНЕВНЫЙ УЧЕТ'!$J:$J,$A25,'ЕЖЕДНЕВНЫЙ УЧЕТ'!$C:$C,O$1) -> 1 | P25: =COUNTIFS('ЕЖЕДНЕВНЫЙ УЧЕТ'!$J:$J,$A25,'ЕЖЕДНЕВНЫЙ УЧЕТ'!$C:$C,P$1) -> 0 | Q25: =COUNTIFS('ЕЖЕДНЕВНЫЙ УЧЕТ'!$J:$J,$A25,'ЕЖЕДНЕВНЫЙ УЧЕТ'!$C:$C,Q$1) -> 0 | R25: =COUNTIFS('ЕЖЕДНЕВНЫЙ УЧЕТ'!$J:$J,$A25,'ЕЖЕДНЕВНЫЙ УЧЕТ'!$C:$C,R$1) -> 0 | ... AU25: =COUNTIFS('ЕЖЕДНЕВНЫЙ УЧЕТ'!$J:$J,$A25,'ЕЖЕДНЕВНЫЙ УЧЕТ'!$C:$C,AU$1) -> 0
A26: Экономист по труду | B26: =COUNTIF('ЕЖЕДНЕВНЫЙ УЧЕТ'!J:J,СВОД!A26) -> 8 | C26: =IFERROR(B26/$B$121,"") -> 0.00058479532 | K26: =COUNTIFS('ЕЖЕДНЕВНЫЙ УЧЕТ'!$J:$J,$A26,'ЕЖЕДНЕВНЫЙ УЧЕТ'!$C:$C,K$1) -> 0 | L26: =COUNTIFS('ЕЖЕДНЕВНЫЙ УЧЕТ'!$J:$J,$A26,'ЕЖЕДНЕВНЫЙ УЧЕТ'!$C:$C,L$1) -> 0 | M26: =COUNTIFS('ЕЖЕДНЕВНЫЙ УЧЕТ'!$J:$J,$A26,'ЕЖЕДНЕВНЫЙ УЧЕТ'!$C:$C,M$1) -> 0 | N26: =COUNTIFS('ЕЖЕДНЕВНЫЙ УЧЕТ'!$J:$J,$A26,'ЕЖЕДНЕВНЫЙ УЧЕТ'!$C:$C,N$1) -> 0 | O26: =COUNTIFS('ЕЖЕДНЕВНЫЙ УЧЕТ'!$J:$J,$A26,'ЕЖЕДНЕВНЫЙ УЧЕТ'!$C:$C,O$1) -> 1 | P26: =COUNTIFS('ЕЖЕДНЕВНЫЙ УЧЕТ'!$J:$J,$A26,'ЕЖЕДНЕВНЫЙ УЧЕТ'!$C:$C,P$1) -> 0 | Q26: =COUNTIFS('ЕЖЕДНЕВНЫЙ УЧЕТ'!$J:$J,$A26,'ЕЖЕДНЕВНЫЙ УЧЕТ'!$C:$C,Q$1) -> 0 | R26: =COUNTIFS('ЕЖЕДНЕВНЫЙ УЧЕТ'!$J:$J,$A26,'ЕЖЕДНЕВНЫЙ УЧЕТ'!$C:$C,R$1) -> 0 | ... AU26: =COUNTIFS('ЕЖЕДНЕВНЫЙ УЧЕТ'!$J:$J,$A26,'ЕЖЕДНЕВНЫЙ УЧЕТ'!$C:$C,AU$1) -> 0
A27: Экономист | B27: =COUNTIF('ЕЖЕДНЕВНЫЙ УЧЕТ'!J:J,СВОД!A27) -> 0 | C27: =IFERROR(B27/$B$121,"") -> 0 | E27: ИТОГО | F27: =SUM(F2:F24) -> 2113 | H27: =SUM(H2:H24) -> 11567 | I27: =SUM(F27:H27)='ЕЖЕДНЕВНЫЙ УЧЕТ'!G2 -> TRUE | K27: =COUNTIFS('ЕЖЕДНЕВНЫЙ УЧЕТ'!$J:$J,$A27,'ЕЖЕДНЕВНЫЙ УЧЕТ'!$C:$C,K$1) -> 0 | L27: =COUNTIFS('ЕЖЕДНЕВНЫЙ УЧЕТ'!$J:$J,$A27,'ЕЖЕДНЕВНЫЙ УЧЕТ'!$C:$C,L$1) -> 0 | M27: =COUNTIFS('ЕЖЕДНЕВНЫЙ УЧЕТ'!$J:$J,$A27,'ЕЖЕДНЕВНЫЙ УЧЕТ'!$C:$C,M$1) -> 0 | N27: =COUNTIFS('ЕЖЕДНЕВНЫЙ УЧЕТ'!$J:$J,$A27,'ЕЖЕДНЕВНЫЙ УЧЕТ'!$C:$C,N$1) -> 0 | O27: =COUNTIFS('ЕЖЕДНЕВНЫЙ УЧЕТ'!$J:$J,$A27,'ЕЖЕДНЕВНЫЙ УЧЕТ'!$C:$C,O$1) -> 0 | P27: =COUNTIFS('ЕЖЕДНЕВНЫЙ УЧЕТ'!$J:$J,$A27,'ЕЖЕДНЕВНЫЙ УЧЕТ'!$C:$C,P$1) -> 0 | Q27: =COUNTIFS('ЕЖЕДНЕВНЫЙ УЧЕТ'!$J:$J,$A27,'ЕЖЕДНЕВНЫЙ УЧЕТ'!$C:$C,Q$1) -> 0 | R27: =COUNTIFS('ЕЖЕДНЕВНЫЙ УЧЕТ'!$J:$J,$A27,'ЕЖЕДНЕВНЫЙ УЧЕТ'!$C:$C,R$1) -> 0 | ... AU27: =COUNTIFS('ЕЖЕДНЕВНЫЙ УЧЕТ'!$J:$J,$A27,'ЕЖЕДНЕВНЫЙ УЧЕТ'!$C:$C,AU$1) -> 0
A28: Делопроизводитель | B28: =COUNTIF('ЕЖЕДНЕВНЫЙ УЧЕТ'!J:J,СВОД!A28) -> 0 | C28: =IFERROR(B28/$B$121,"") -> 0 | K28: =COUNTIFS('ЕЖЕДНЕВНЫЙ УЧЕТ'!$J:$J,$A28,'ЕЖЕДНЕВНЫЙ УЧЕТ'!$C:$C,K$1) -> 0 | L28: =COUNTIFS('ЕЖЕДНЕВНЫЙ УЧЕТ'!$J:$J,$A28,'ЕЖЕДНЕВНЫЙ УЧЕТ'!$C:$C,L$1) -> 0 | M28: =COUNTIFS('ЕЖЕДНЕВНЫЙ УЧЕТ'!$J:$J,$A28,'ЕЖЕДНЕВНЫЙ УЧЕТ'!$C:$C,M$1) -> 0 | N28: =COUNTIFS('ЕЖЕДНЕВНЫЙ УЧЕТ'!$J:$J,$A28,'ЕЖЕДНЕВНЫЙ УЧЕТ'!$C:$C,N$1) -> 0 | O28: =COUNTIFS('ЕЖЕДНЕВНЫЙ УЧЕТ'!$J:$J,$A28,'ЕЖЕДНЕВНЫЙ УЧЕТ'!$C:$C,O$1) -> 0 | P28: =COUNTIFS('ЕЖЕДНЕВНЫЙ УЧЕТ'!$J:$J,$A28,'ЕЖЕДНЕВНЫЙ УЧЕТ'!$C:$C,P$1) -> 0 | Q28: =COUNTIFS('ЕЖЕДНЕВНЫЙ УЧЕТ'!$J:$J,$A28,'ЕЖЕДНЕВНЫЙ УЧЕТ'!$C:$C,Q$1) -> 0 | R28: =COUNTIFS('ЕЖЕДНЕВНЫЙ УЧЕТ'!$J:$J,$A28,'ЕЖЕДНЕВНЫЙ УЧЕТ'!$C:$C,R$1) -> 0 | ... AU28: =COUNTIFS('ЕЖЕДНЕВНЫЙ УЧЕТ'!$J:$J,$A28,'ЕЖЕДНЕВНЫЙ УЧЕТ'!$C:$C,AU$1) -> 0
A29: Секретарь руководителя | B29: =COUNTIF('ЕЖЕДНЕВНЫЙ УЧЕТ'!J:J,СВОД!A29) -> 6 | C29: =IFERROR(B29/$B$121,"") -> 0.00043859649 | E29: Участок/Отдел | F29: ITR | G29: ITR% | H29: R | I29: R% | K29: =COUNTIFS('ЕЖЕДНЕВНЫЙ УЧЕТ'!$J:$J,$A29,'ЕЖЕДНЕВНЫЙ УЧЕТ'!$C:$C,K$1) -> 0 | L29: =COUNTIFS('ЕЖЕДНЕВНЫЙ УЧЕТ'!$J:$J,$A29,'ЕЖЕДНЕВНЫЙ УЧЕТ'!$C:$C,L$1) -> 0 | M29: =COUNTIFS('ЕЖЕДНЕВНЫЙ УЧЕТ'!$J:$J,$A29,'ЕЖЕДНЕВНЫЙ УЧЕТ'!$C:$C,M$1) -> 0 | N29: =COUNTIFS('ЕЖЕДНЕВНЫЙ УЧЕТ'!$J:$J,$A29,'ЕЖЕДНЕВНЫЙ УЧЕТ'!$C:$C,N$1) -> 0 | O29: =COUNTIFS('ЕЖЕДНЕВНЫЙ УЧЕТ'!$J:$J,$A29,'ЕЖЕДНЕВНЫЙ УЧЕТ'!$C:$C,O$1) -> 0 | P29: =COUNTIFS('ЕЖЕДНЕВНЫЙ УЧЕТ'!$J:$J,$A29,'ЕЖЕДНЕВНЫЙ УЧЕТ'!$C:$C,P$1) -> 0 | Q29: =COUNTIFS('ЕЖЕДНЕВНЫЙ УЧЕТ'!$J:$J,$A29,'ЕЖЕДНЕВНЫЙ УЧЕТ'!$C:$C,Q$1) -> 0 | R29: =COUNTIFS('ЕЖЕДНЕВНЫЙ УЧЕТ'!$J:$J,$A29,'ЕЖЕДНЕВНЫЙ УЧЕТ'!$C:$C,R$1) -> 0 | ... AU29: =COUNTIFS('ЕЖЕДНЕВНЫЙ УЧЕТ'!$J:$J,$A29,'ЕЖЕДНЕВНЫЙ УЧЕТ'!$C:$C,AU$1) -> 0
A30: Старший бухгалтер | B30: =COUNTIF('ЕЖЕДНЕВНЫЙ УЧЕТ'!J:J,СВОД!A30) -> 0 | C30: =IFERROR(B30/$B$121,"") -> 0 | E30: АУП | F30: =COUNTIFS('ЕЖЕДНЕВНЫЙ УЧЕТ'!$K:$K,СВОД!$E30,'ЕЖЕДНЕВНЫЙ УЧЕТ'!$Q:$Q,СВОД!F$1) -> 1233 | G30: =IFERROR(F30/$F$48,"") -> 0.58353053 | H30: =COUNTIFS('ЕЖЕДНЕВНЫЙ УЧЕТ'!$K:$K,СВОД!$E30,'ЕЖЕДНЕВНЫЙ УЧЕТ'!$Q:$Q,СВОД!H$1) -> 0 | I30: =IFERROR(H30/$H$48,"") -> 0 | K30: =COUNTIFS('ЕЖЕДНЕВНЫЙ УЧЕТ'!$J:$J,$A30,'ЕЖЕДНЕВНЫЙ УЧЕТ'!$C:$C,K$1) -> 0 | L30: =COUNTIFS('ЕЖЕДНЕВНЫЙ УЧЕТ'!$J:$J,$A30,'ЕЖЕДНЕВНЫЙ УЧЕТ'!$C:$C,L$1) -> 0 | M30: =COUNTIFS('ЕЖЕДНЕВНЫЙ УЧЕТ'!$J:$J,$A30,'ЕЖЕДНЕВНЫЙ УЧЕТ'!$C:$C,M$1) -> 0 | N30: =COUNTIFS('ЕЖЕДНЕВНЫЙ УЧЕТ'!$J:$J,$A30,'ЕЖЕДНЕВНЫЙ УЧЕТ'!$C:$C,N$1) -> 0 | O30: =COUNTIFS('ЕЖЕДНЕВНЫЙ УЧЕТ'!$J:$J,$A30,'ЕЖЕДНЕВНЫЙ УЧЕТ'!$C:$C,O$1) -> 0 | P30: =COUNTIFS('ЕЖЕДНЕВНЫЙ УЧЕТ'!$J:$J,$A30,'ЕЖЕДНЕВНЫЙ УЧЕТ'!$C:$C,P$1) -> 0 | Q30: =COUNTIFS('ЕЖЕДНЕВНЫЙ УЧЕТ'!$J:$J,$A30,'ЕЖЕДНЕВНЫЙ УЧЕТ'!$C:$C,Q$1) -> 0 | R30: =COUNTIFS('ЕЖЕДНЕВНЫЙ УЧЕТ'!$J:$J,$A30,'ЕЖЕДНЕВНЫЙ УЧЕТ'!$C:$C,R$1) -> 0 | ... AU30: =COUNTIFS('ЕЖЕДНЕВНЫЙ УЧЕТ'!$J:$J,$A30,'ЕЖЕДНЕВНЫЙ УЧЕТ'!$C:$C,AU$1) -> 0
A31: Бухгалтер | B31: =COUNTIF('ЕЖЕДНЕВНЫЙ УЧЕТ'!J:J,СВОД!A31) -> 9 | C31: =IFERROR(B31/$B$121,"") -> 0.00065789474 | E31: ВП и НП | F31: =COUNTIFS('ЕЖЕДНЕВНЫЙ УЧЕТ'!$K:$K,СВОД!$E31,'ЕЖЕДНЕВНЫЙ УЧЕТ'!$Q:$Q,СВОД!F$1) -> 116 | G31: =IFERROR(F31/$F$48,"") -> 0.054898249 | H31: =COUNTIFS('ЕЖЕДНЕВНЫЙ УЧЕТ'!$K:$K,СВОД!$E31,'ЕЖЕДНЕВНЫЙ УЧЕТ'!$Q:$Q,СВОД!H$1) -> 0 | I31: =IFERROR(H31/$H$48,"") -> 0 | K31: =COUNTIFS('ЕЖЕДНЕВНЫЙ УЧЕТ'!$J:$J,$A31,'ЕЖЕДНЕВНЫЙ УЧЕТ'!$C:$C,K$1) -> 0 | L31: =COUNTIFS('ЕЖЕДНЕВНЫЙ УЧЕТ'!$J:$J,$A31,'ЕЖЕДНЕВНЫЙ УЧЕТ'!$C:$C,L$1) -> 0 | M31: =COUNTIFS('ЕЖЕДНЕВНЫЙ УЧЕТ'!$J:$J,$A31,'ЕЖЕДНЕВНЫЙ УЧЕТ'!$C:$C,M$1) -> 0 | N31: =COUNTIFS('ЕЖЕДНЕВНЫЙ УЧЕТ'!$J:$J,$A31,'ЕЖЕДНЕВНЫЙ УЧЕТ'!$C:$C,N$1) -> 0 | O31: =COUNTIFS('ЕЖЕДНЕВНЫЙ УЧЕТ'!$J:$J,$A31,'ЕЖЕДНЕВНЫЙ УЧЕТ'!$C:$C,O$1) -> 0 | P31: =COUNTIFS('ЕЖЕДНЕВНЫЙ УЧЕТ'!$J:$J,$A31,'ЕЖЕДНЕВНЫЙ УЧЕТ'!$C:$C,P$1) -> 0 | Q31: =COUNTIFS('ЕЖЕДНЕВНЫЙ УЧЕТ'!$J:$J,$A31,'ЕЖЕДНЕВНЫЙ УЧЕТ'!$C:$C,Q$1) -> 0 | R31: =COUNTIFS('ЕЖЕДНЕВНЫЙ УЧЕТ'!$J:$J,$A31,'ЕЖЕДНЕВНЫЙ УЧЕТ'!$C:$C,R$1) -> 0 | ... AU31: =COUNTIFS('ЕЖЕДНЕВНЫЙ УЧЕТ'!$J:$J,$A31,'ЕЖЕДНЕВНЫЙ УЧЕТ'!$C:$C,AU$1) -> 0
A32: Начальник ОТ ПБ и ООС | B32: =COUNTIF('ЕЖЕДНЕВНЫЙ УЧЕТ'!J:J,СВОД!A32) -> 11 | C32: =IFERROR(B32/$B$121,"") -> 0.00080409357 | E32: СМУ | F32: =COUNTIFS('ЕЖЕДНЕВНЫЙ УЧЕТ'!$K:$K,СВОД!$E32,'ЕЖЕДНЕВНЫЙ УЧЕТ'!$Q:$Q,СВОД!F$1) -> 0 | G32: =IFERROR(F32/$F$48,"") -> 0 | H32: =COUNTIFS('ЕЖЕДНЕВНЫЙ УЧЕТ'!$K:$K,СВОД!$E32,'ЕЖЕДНЕВНЫЙ УЧЕТ'!$Q:$Q,СВОД!H$1) -> 0 | I32: =IFERROR(H32/$H$48,"") -> 0 | K32: =COUNTIFS('ЕЖЕДНЕВНЫЙ УЧЕТ'!$J:$J,$A32,'ЕЖЕДНЕВНЫЙ УЧЕТ'!$C:$C,K$1) -> 0 | L32: =COUNTIFS('ЕЖЕДНЕВНЫЙ УЧЕТ'!$J:$J,$A32,'ЕЖЕДНЕВНЫЙ УЧЕТ'!$C:$C,L$1) -> 0 | M32: =COUNTIFS('ЕЖЕДНЕВНЫЙ УЧЕТ'!$J:$J,$A32,'ЕЖЕДНЕВНЫЙ УЧЕТ'!$C:$C,M$1) -> 0 | N32: =COUNTIFS('ЕЖЕДНЕВНЫЙ УЧЕТ'!$J:$J,$A32,'ЕЖЕДНЕВНЫЙ УЧЕТ'!$C:$C,N$1) -> 0 | O32: =COUNTIFS('ЕЖЕДНЕВНЫЙ УЧЕТ'!$J:$J,$A32,'ЕЖЕДНЕВНЫЙ УЧЕТ'!$C:$C,O$1) -> 1 | P32: =COUNTIFS('ЕЖЕДНЕВНЫЙ УЧЕТ'!$J:$J,$A32,'ЕЖЕДНЕВНЫЙ УЧЕТ'!$C:$C,P$1) -> 0 | Q32: =COUNTIFS('ЕЖЕДНЕВНЫЙ УЧЕТ'!$J:$J,$A32,'ЕЖЕДНЕВНЫЙ УЧЕТ'!$C:$C,Q$1) -> 1 | R32: =COUNTIFS('ЕЖЕДНЕВНЫЙ УЧЕТ'!$J:$J,$A32,'ЕЖЕДНЕВНЫЙ УЧЕТ'!$C:$C,R$1) -> 0 | ... AU32: =COUNTIFS('ЕЖЕДНЕВНЫЙ УЧЕТ'!$J:$J,$A32,'ЕЖЕДНЕВНЫЙ УЧЕТ'!$C:$C,AU$1) -> 0
A33: Заместитель начальника ОТ ПБ и ООС | B33: =COUNTIF('ЕЖЕДНЕВНЫЙ УЧЕТ'!J:J,СВОД!A33) -> 5 | C33: =IFERROR(B33/$B$121,"") -> 0.00036549708 | E33: Участок ТТ | F33: =COUNTIFS('ЕЖЕДНЕВНЫЙ УЧЕТ'!$K:$K,СВОД!$E33,'ЕЖЕДНЕВНЫЙ УЧЕТ'!$Q:$Q,СВОД!F$1) -> 0 | G33: =IFERROR(F33/$F$48,"") -> 0 | H33: =COUNTIFS('ЕЖЕДНЕВНЫЙ УЧЕТ'!$K:$K,СВОД!$E33,'ЕЖЕДНЕВНЫЙ УЧЕТ'!$Q:$Q,СВОД!H$1) -> 0 | I33: =IFERROR(H33/$H$48,"") -> 0 | K33: =COUNTIFS('ЕЖЕДНЕВНЫЙ УЧЕТ'!$J:$J,$A33,'ЕЖЕДНЕВНЫЙ УЧЕТ'!$C:$C,K$1) -> 0 | L33: =COUNTIFS('ЕЖЕДНЕВНЫЙ УЧЕТ'!$J:$J,$A33,'ЕЖЕДНЕВНЫЙ УЧЕТ'!$C:$C,L$1) -> 0 | M33: =COUNTIFS('ЕЖЕДНЕВНЫЙ УЧЕТ'!$J:$J,$A33,'ЕЖЕДНЕВНЫЙ УЧЕТ'!$C:$C,M$1) -> 0 | N33: =COUNTIFS('ЕЖЕДНЕВНЫЙ УЧЕТ'!$J:$J,$A33,'ЕЖЕДНЕВНЫЙ УЧЕТ'!$C:$C,N$1) -> 0 | O33: =COUNTIFS('ЕЖЕДНЕВНЫЙ УЧЕТ'!$J:$J,$A33,'ЕЖЕДНЕВНЫЙ УЧЕТ'!$C:$C,O$1) -> 0 | P33: =COUNTIFS('ЕЖЕДНЕВНЫЙ УЧЕТ'!$J:$J,$A33,'ЕЖЕДНЕВНЫЙ УЧЕТ'!$C:$C,P$1) -> 0 | Q33: =COUNTIFS('ЕЖЕДНЕВНЫЙ УЧЕТ'!$J:$J,$A33,'ЕЖЕДНЕВНЫЙ УЧЕТ'!$C:$C,Q$1) -> 0 | R33: =COUNTIFS('ЕЖЕДНЕВНЫЙ УЧЕТ'!$J:$J,$A33,'ЕЖЕДНЕВНЫЙ УЧЕТ'!$C:$C,R$1) -> 1 | ... AU33: =COUNTIFS('ЕЖЕДНЕВНЫЙ УЧЕТ'!$J:$J,$A33,'ЕЖЕДНЕВНЫЙ УЧЕТ'!$C:$C,AU$1) -> 0
A34: Специалист по охране труда (офис) | B34: =COUNTIF('ЕЖЕДНЕВНЫЙ УЧЕТ'!J:J,СВОД!A34) -> 26 | C34: =IFERROR(B34/$B$121,"") -> 0.0019005848 | E34: Участок МБР | F34: =COUNTIFS('ЕЖЕДНЕВНЫЙ УЧЕТ'!$K:$K,СВОД!$E34,'ЕЖЕДНЕВНЫЙ УЧЕТ'!$Q:$Q,СВОД!F$1) -> 309 | G34: =IFERROR(F34/$F$48,"") -> 0.14623758 | H34: =COUNTIFS('ЕЖЕДНЕВНЫЙ УЧЕТ'!$K:$K,СВОД!$E34,'ЕЖЕДНЕВНЫЙ УЧЕТ'!$Q:$Q,СВОД!H$1) -> 4121 | I34: =IFERROR(H34/$H$48,"") -> 0.35627215 | K34: =COUNTIFS('ЕЖЕДНЕВНЫЙ УЧЕТ'!$J:$J,$A34,'ЕЖЕДНЕВНЫЙ УЧЕТ'!$C:$C,K$1) -> 0 | L34: =COUNTIFS('ЕЖЕДНЕВНЫЙ УЧЕТ'!$J:$J,$A34,'ЕЖЕДНЕВНЫЙ УЧЕТ'!$C:$C,L$1) -> 0 | M34: =COUNTIFS('ЕЖЕДНЕВНЫЙ УЧЕТ'!$J:$J,$A34,'ЕЖЕДНЕВНЫЙ УЧЕТ'!$C:$C,M$1) -> 1 | N34: =COUNTIFS('ЕЖЕДНЕВНЫЙ УЧЕТ'!$J:$J,$A34,'ЕЖЕДНЕВНЫЙ УЧЕТ'!$C:$C,N$1) -> 2 | O34: =COUNTIFS('ЕЖЕДНЕВНЫЙ УЧЕТ'!$J:$J,$A34,'ЕЖЕДНЕВНЫЙ УЧЕТ'!$C:$C,O$1) -> 3 | P34: =COUNTIFS('ЕЖЕДНЕВНЫЙ УЧЕТ'!$J:$J,$A34,'ЕЖЕДНЕВНЫЙ УЧЕТ'!$C:$C,P$1) -> 0 | Q34: =COUNTIFS('ЕЖЕДНЕВНЫЙ УЧЕТ'!$J:$J,$A34,'ЕЖЕДНЕВНЫЙ УЧЕТ'!$C:$C,Q$1) -> 0 | R34: =COUNTIFS('ЕЖЕДНЕВНЫЙ УЧЕТ'!$J:$J,$A34,'ЕЖЕДНЕВНЫЙ УЧЕТ'!$C:$C,R$1) -> 0 | ... AU34: =COUNTIFS('ЕЖЕДНЕВНЫЙ УЧЕТ'!$J:$J,$A34,'ЕЖЕДНЕВНЫЙ УЧЕТ'!$C:$C,AU$1) -> 0
A35: Специалист по охране труда (полевой) | B35: =COUNTIF('ЕЖЕДНЕВНЫЙ УЧЕТ'!J:J,СВОД!A35) -> 160 | C35: =IFERROR(B35/$B$121,"") -> 0.011695906 | E35: Участок ОР | F35: =COUNTIFS('ЕЖЕДНЕВНЫЙ УЧЕТ'!$K:$K,СВОД!$E35,'ЕЖЕДНЕВНЫЙ УЧЕТ'!$Q:$Q,СВОД!F$1) -> 75 | G35: =IFERROR(F35/$F$48,"") -> 0.035494558 | H35: =COUNTIFS('ЕЖЕДНЕВНЫЙ УЧЕТ'!$K:$K,СВОД!$E35,'ЕЖЕДНЕВНЫЙ УЧЕТ'!$Q:$Q,СВОД!H$1) -> 1290 | I35: =IFERROR(H35/$H$48,"") -> 0.11152416 | K35: =COUNTIFS('ЕЖЕДНЕВНЫЙ УЧЕТ'!$J:$J,$A35,'ЕЖЕДНЕВНЫЙ УЧЕТ'!$C:$C,K$1) -> 0 | L35: =COUNTIFS('ЕЖЕДНЕВНЫЙ УЧЕТ'!$J:$J,$A35,'ЕЖЕДНЕВНЫЙ УЧЕТ'!$C:$C,L$1) -> 0 | M35: =COUNTIFS('ЕЖЕДНЕВНЫЙ УЧЕТ'!$J:$J,$A35,'ЕЖЕДНЕВНЫЙ УЧЕТ'!$C:$C,M$1) -> 0 | N35: =COUNTIFS('ЕЖЕДНЕВНЫЙ УЧЕТ'!$J:$J,$A35,'ЕЖЕДНЕВНЫЙ УЧЕТ'!$C:$C,N$1) -> 2 | O35: =COUNTIFS('ЕЖЕДНЕВНЫЙ УЧЕТ'!$J:$J,$A35,'ЕЖЕДНЕВНЫЙ УЧЕТ'!$C:$C,O$1) -> 12 | P35: =COUNTIFS('ЕЖЕДНЕВНЫЙ УЧЕТ'!$J:$J,$A35,'ЕЖЕДНЕВНЫЙ УЧЕТ'!$C:$C,P$1) -> 0 | Q35: =COUNTIFS('ЕЖЕДНЕВНЫЙ УЧЕТ'!$J:$J,$A35,'ЕЖЕДНЕВНЫЙ УЧЕТ'!$C:$C,Q$1) -> 3 | R35: =COUNTIFS('ЕЖЕДНЕВНЫЙ УЧЕТ'!$J:$J,$A35,'ЕЖЕДНЕВНЫЙ УЧЕТ'!$C:$C,R$1) -> 2 | ... AU35: =COUNTIFS('ЕЖЕДНЕВНЫЙ УЧЕТ'!$J:$J,$A35,'ЕЖЕДНЕВНЫЙ УЧЕТ'!$C:$C,AU$1) -> 0
A36: Специалист по здоровью | B36: =COUNTIF('ЕЖЕДНЕВНЫЙ УЧЕТ'!J:J,СВОД!A36) -> 25 | C36: =IFERROR(B36/$B$121,"") -> 0.0018274854 | E36: Участок АКЗ | F36: =COUNTIFS('ЕЖЕДНЕВНЫЙ УЧЕТ'!$K:$K,СВОД!$E36,'ЕЖЕДНЕВНЫЙ УЧЕТ'!$Q:$Q,СВОД!F$1) -> 98 | G36: =IFERROR(F36/$F$48,"") -> 0.046379555 | H36: =COUNTIFS('ЕЖЕДНЕВНЫЙ УЧЕТ'!$K:$K,СВОД!$E36,'ЕЖЕДНЕВНЫЙ УЧЕТ'!$Q:$Q,СВОД!H$1) -> 2012 | I36: =IFERROR(H36/$H$48,"") -> 0.17394311 | K36: =COUNTIFS('ЕЖЕДНЕВНЫЙ УЧЕТ'!$J:$J,$A36,'ЕЖЕДНЕВНЫЙ УЧЕТ'!$C:$C,K$1) -> 0 | L36: =COUNTIFS('ЕЖЕДНЕВНЫЙ УЧЕТ'!$J:$J,$A36,'ЕЖЕДНЕВНЫЙ УЧЕТ'!$C:$C,L$1) -> 0 | M36: =COUNTIFS('ЕЖЕДНЕВНЫЙ УЧЕТ'!$J:$J,$A36,'ЕЖЕДНЕВНЫЙ УЧЕТ'!$C:$C,M$1) -> 0 | N36: =COUNTIFS('ЕЖЕДНЕВНЫЙ УЧЕТ'!$J:$J,$A36,'ЕЖЕДНЕВНЫЙ УЧЕТ'!$C:$C,N$1) -> 1 | O36: =COUNTIFS('ЕЖЕДНЕВНЫЙ УЧЕТ'!$J:$J,$A36,'ЕЖЕДНЕВНЫЙ УЧЕТ'!$C:$C,O$1) -> 3 | P36: =COUNTIFS('ЕЖЕДНЕВНЫЙ УЧЕТ'!$J:$J,$A36,'ЕЖЕДНЕВНЫЙ УЧЕТ'!$C:$C,P$1) -> 0 | Q36: =COUNTIFS('ЕЖЕДНЕВНЫЙ УЧЕТ'!$J:$J,$A36,'ЕЖЕДНЕВНЫЙ УЧЕТ'!$C:$C,Q$1) -> 1 | R36: =COUNTIFS('ЕЖЕДНЕВНЫЙ УЧЕТ'!$J:$J,$A36,'ЕЖЕДНЕВНЫЙ УЧЕТ'!$C:$C,R$1) -> 0 | ... AU36: =COUNTIFS('ЕЖЕДНЕВНЫЙ УЧЕТ'!$J:$J,$A36,'ЕЖЕДНЕВНЫЙ УЧЕТ'!$C:$C,AU$1) -> 0
A37: Начальник отдела по обеспечению безопасности | B37: =COUNTIF('ЕЖЕДНЕВНЫЙ УЧЕТ'!J:J,СВОД!A37) -> 0 | C37: =IFERROR(B37/$B$121,"") -> 0 | E37: Участок ОиВ | F37: =COUNTIFS('ЕЖЕДНЕВНЫЙ УЧЕТ'!$K:$K,СВОД!$E37,'ЕЖЕДНЕВНЫЙ УЧЕТ'!$Q:$Q,СВОД!F$1) -> 19 | G37: =IFERROR(F37/$F$48,"") -> 0.0089919546 | H37: =COUNTIFS('ЕЖЕДНЕВНЫЙ УЧЕТ'!$K:$K,СВОД!$E37,'ЕЖЕДНЕВНЫЙ УЧЕТ'!$Q:$Q,СВОД!H$1) -> 349 | I37: =IFERROR(H37/$H$48,"") -> 0.030172041 | K37: =COUNTIFS('ЕЖЕДНЕВНЫЙ УЧЕТ'!$J:$J,$A37,'ЕЖЕДНЕВНЫЙ УЧЕТ'!$C:$C,K$1) -> 0 | L37: =COUNTIFS('ЕЖЕДНЕВНЫЙ УЧЕТ'!$J:$J,$A37,'ЕЖЕДНЕВНЫЙ УЧЕТ'!$C:$C,L$1) -> 0 | M37: =COUNTIFS('ЕЖЕДНЕВНЫЙ УЧЕТ'!$J:$J,$A37,'ЕЖЕДНЕВНЫЙ УЧЕТ'!$C:$C,M$1) -> 0 | N37: =COUNTIFS('ЕЖЕДНЕВНЫЙ УЧЕТ'!$J:$J,$A37,'ЕЖЕДНЕВНЫЙ УЧЕТ'!$C:$C,N$1) -> 0 | O37: =COUNTIFS('ЕЖЕДНЕВНЫЙ УЧЕТ'!$J:$J,$A37,'ЕЖЕДНЕВНЫЙ УЧЕТ'!$C:$C,O$1) -> 0 | P37: =COUNTIFS('ЕЖЕДНЕВНЫЙ УЧЕТ'!$J:$J,$A37,'ЕЖЕДНЕВНЫЙ УЧЕТ'!$C:$C,P$1) -> 0 | Q37: =COUNTIFS('ЕЖЕДНЕВНЫЙ УЧЕТ'!$J:$J,$A37,'ЕЖЕДНЕВНЫЙ УЧЕТ'!$C:$C,Q$1) -> 0 | R37: =COUNTIFS('ЕЖЕДНЕВНЫЙ УЧЕТ'!$J:$J,$A37,'ЕЖЕДНЕВНЫЙ УЧЕТ'!$C:$C,R$1) -> 0 | ... AU37: =COUNTIFS('ЕЖЕДНЕВНЫЙ УЧЕТ'!$J:$J,$A37,'ЕЖЕДНЕВНЫЙ УЧЕТ'!$C:$C,AU$1) -> 0
A38: Ведущий специалист отдела по обеспечению безопасности | B38: =COUNTIF('ЕЖЕДНЕВНЫЙ УЧЕТ'!J:J,СВОД!A38) -> 4 | C38: =IFERROR(B38/$B$121,"") -> 0.00029239766 | E38: Участок ВиК | F38: =COUNTIFS('ЕЖЕДНЕВНЫЙ УЧЕТ'!$K:$K,СВОД!$E38,'ЕЖЕДНЕВНЫЙ УЧЕТ'!$Q:$Q,СВОД!F$1) -> 8 | G38: =IFERROR(F38/$F$48,"") -> 0.0037860861 | H38: =COUNTIFS('ЕЖЕДНЕВНЫЙ УЧЕТ'!$K:$K,СВОД!$E38,'ЕЖЕДНЕВНЫЙ УЧЕТ'!$Q:$Q,СВОД!H$1) -> 140 | I38: =IFERROR(H38/$H$48,"") -> 0.012103398 | K38: =COUNTIFS('ЕЖЕДНЕВНЫЙ УЧЕТ'!$J:$J,$A38,'ЕЖЕДНЕВНЫЙ УЧЕТ'!$C:$C,K$1) -> 0 | L38: =COUNTIFS('ЕЖЕДНЕВНЫЙ УЧЕТ'!$J:$J,$A38,'ЕЖЕДНЕВНЫЙ УЧЕТ'!$C:$C,L$1) -> 0 | M38: =COUNTIFS('ЕЖЕДНЕВНЫЙ УЧЕТ'!$J:$J,$A38,'ЕЖЕДНЕВНЫЙ УЧЕТ'!$C:$C,M$1) -> 0 | N38: =COUNTIFS('ЕЖЕДНЕВНЫЙ УЧЕТ'!$J:$J,$A38,'ЕЖЕДНЕВНЫЙ УЧЕТ'!$C:$C,N$1) -> 0 | O38: =COUNTIFS('ЕЖЕДНЕВНЫЙ УЧЕТ'!$J:$J,$A38,'ЕЖЕДНЕВНЫЙ УЧЕТ'!$C:$C,O$1) -> 0 | P38: =COUNTIFS('ЕЖЕДНЕВНЫЙ УЧЕТ'!$J:$J,$A38,'ЕЖЕДНЕВНЫЙ УЧЕТ'!$C:$C,P$1) -> 0 | Q38: =COUNTIFS('ЕЖЕДНЕВНЫЙ УЧЕТ'!$J:$J,$A38,'ЕЖЕДНЕВНЫЙ УЧЕТ'!$C:$C,Q$1) -> 0 | R38: =COUNTIFS('ЕЖЕДНЕВНЫЙ УЧЕТ'!$J:$J,$A38,'ЕЖЕДНЕВНЫЙ УЧЕТ'!$C:$C,R$1) -> 0 | ... AU38: =COUNTIFS('ЕЖЕДНЕВНЫЙ УЧЕТ'!$J:$J,$A38,'ЕЖЕДНЕВНЫЙ УЧЕТ'!$C:$C,AU$1) -> 0
A39: Специалист отдела по обеспечению безопасности | B39: =COUNTIF('ЕЖЕДНЕВНЫЙ УЧЕТ'!J:J,СВОД!A39) -> 3 | C39: =IFERROR(B39/$B$121,"") -> 0.00021929825 | E39: Участок ЗР | F39: =COUNTIFS('ЕЖЕДНЕВНЫЙ УЧЕТ'!$K:$K,СВОД!$E39,'ЕЖЕДНЕВНЫЙ УЧЕТ'!$Q:$Q,СВОД!F$1) -> 16 | G39: =IFERROR(F39/$F$48,"") -> 0.0075721723 | H39: =COUNTIFS('ЕЖЕДНЕВНЫЙ УЧЕТ'!$K:$K,СВОД!$E39,'ЕЖЕДНЕВНЫЙ УЧЕТ'!$Q:$Q,СВОД!H$1) -> 382 | I39: =IFERROR(H39/$H$48,"") -> 0.033024985 | K39: =COUNTIFS('ЕЖЕДНЕВНЫЙ УЧЕТ'!$J:$J,$A39,'ЕЖЕДНЕВНЫЙ УЧЕТ'!$C:$C,K$1) -> 0 | L39: =COUNTIFS('ЕЖЕДНЕВНЫЙ УЧЕТ'!$J:$J,$A39,'ЕЖЕДНЕВНЫЙ УЧЕТ'!$C:$C,L$1) -> 0 | M39: =COUNTIFS('ЕЖЕДНЕВНЫЙ УЧЕТ'!$J:$J,$A39,'ЕЖЕДНЕВНЫЙ УЧЕТ'!$C:$C,M$1) -> 0 | N39: =COUNTIFS('ЕЖЕДНЕВНЫЙ УЧЕТ'!$J:$J,$A39,'ЕЖЕДНЕВНЫЙ УЧЕТ'!$C:$C,N$1) -> 0 | O39: =COUNTIFS('ЕЖЕДНЕВНЫЙ УЧЕТ'!$J:$J,$A39,'ЕЖЕДНЕВНЫЙ УЧЕТ'!$C:$C,O$1) -> 0 | P39: =COUNTIFS('ЕЖЕДНЕВНЫЙ УЧЕТ'!$J:$J,$A39,'ЕЖЕДНЕВНЫЙ УЧЕТ'!$C:$C,P$1) -> 0 | Q39: =COUNTIFS('ЕЖЕДНЕВНЫЙ УЧЕТ'!$J:$J,$A39,'ЕЖЕДНЕВНЫЙ УЧЕТ'!$C:$C,Q$1) -> 0 | R39: =COUNTIFS('ЕЖЕДНЕВНЫЙ УЧЕТ'!$J:$J,$A39,'ЕЖЕДНЕВНЫЙ УЧЕТ'!$C:$C,R$1) -> 0 | ... AU39: =COUNTIFS('ЕЖЕДНЕВНЫЙ УЧЕТ'!$J:$J,$A39,'ЕЖЕДНЕВНЫЙ УЧЕТ'!$C:$C,AU$1) -> 0
A40: Начальник ПТО | B40: =COUNTIF('ЕЖЕДНЕВНЫЙ УЧЕТ'!J:J,СВОД!A40) -> 8 | C40: =IFERROR(B40/$B$121,"") -> 0.00058479532 | E40: Участок ТИ | F40: =COUNTIFS('ЕЖЕДНЕВНЫЙ УЧЕТ'!$K:$K,СВОД!$E40,'ЕЖЕДНЕВНЫЙ УЧЕТ'!$Q:$Q,СВОД!F$1) -> 59 | G40: =IFERROR(F40/$F$48,"") -> 0.027922385 | H40: =COUNTIFS('ЕЖЕДНЕВНЫЙ УЧЕТ'!$K:$K,СВОД!$E40,'ЕЖЕДНЕВНЫЙ УЧЕТ'!$Q:$Q,СВОД!H$1) -> 665 | I40: =IFERROR(H40/$H$48,"") -> 0.057491139 | K40: =COUNTIFS('ЕЖЕДНЕВНЫЙ УЧЕТ'!$J:$J,$A40,'ЕЖЕДНЕВНЫЙ УЧЕТ'!$C:$C,K$1) -> 0 | L40: =COUNTIFS('ЕЖЕДНЕВНЫЙ УЧЕТ'!$J:$J,$A40,'ЕЖЕДНЕВНЫЙ УЧЕТ'!$C:$C,L$1) -> 0 | M40: =COUNTIFS('ЕЖЕДНЕВНЫЙ УЧЕТ'!$J:$J,$A40,'ЕЖЕДНЕВНЫЙ УЧЕТ'!$C:$C,M$1) -> 1 | N40: =COUNTIFS('ЕЖЕДНЕВНЫЙ УЧЕТ'!$J:$J,$A40,'ЕЖЕДНЕВНЫЙ УЧЕТ'!$C:$C,N$1) -> 1 | O40: =COUNTIFS('ЕЖЕДНЕВНЫЙ УЧЕТ'!$J:$J,$A40,'ЕЖЕДНЕВНЫЙ УЧЕТ'!$C:$C,O$1) -> 1 | P40: =COUNTIFS('ЕЖЕДНЕВНЫЙ УЧЕТ'!$J:$J,$A40,'ЕЖЕДНЕВНЫЙ УЧЕТ'!$C:$C,P$1) -> 0 | Q40: =COUNTIFS('ЕЖЕДНЕВНЫЙ УЧЕТ'!$J:$J,$A40,'ЕЖЕДНЕВНЫЙ УЧЕТ'!$C:$C,Q$1) -> 0 | R40: =COUNTIFS('ЕЖЕДНЕВНЫЙ УЧЕТ'!$J:$J,$A40,'ЕЖЕДНЕВНЫЙ УЧЕТ'!$C:$C,R$1) -> 0 | ... AU40: =COUNTIFS('ЕЖЕДНЕВНЫЙ УЧЕТ'!$J:$J,$A40,'ЕЖЕДНЕВНЫЙ УЧЕТ'!$C:$C,AU$1) -> 0
A41: Заместитель начальника ПТО | B41: =COUNTIF('ЕЖЕДНЕВНЫЙ УЧЕТ'!J:J,СВОД!A41) -> 8 | C41: =IFERROR(B41/$B$121,"") -> 0.00058479532 | E41: Участок ЛС | F41: =COUNTIFS('ЕЖЕДНЕВНЫЙ УЧЕТ'!$K:$K,СВОД!$E41,'ЕЖЕДНЕВНЫЙ УЧЕТ'!$Q:$Q,СВОД!F$1) -> 130 | G41: =IFERROR(F41/$F$48,"") -> 0.0615239 | H41: =COUNTIFS('ЕЖЕДНЕВНЫЙ УЧЕТ'!$K:$K,СВОД!$E41,'ЕЖЕДНЕВНЫЙ УЧЕТ'!$Q:$Q,СВОД!H$1) -> 1662 | I41: =IFERROR(H41/$H$48,"") -> 0.14368462 | K41: =COUNTIFS('ЕЖЕДНЕВНЫЙ УЧЕТ'!$J:$J,$A41,'ЕЖЕДНЕВНЫЙ УЧЕТ'!$C:$C,K$1) -> 0 | L41: =COUNTIFS('ЕЖЕДНЕВНЫЙ УЧЕТ'!$J:$J,$A41,'ЕЖЕДНЕВНЫЙ УЧЕТ'!$C:$C,L$1) -> 0 | M41: =COUNTIFS('ЕЖЕДНЕВНЫЙ УЧЕТ'!$J:$J,$A41,'ЕЖЕДНЕВНЫЙ УЧЕТ'!$C:$C,M$1) -> 1 | N41: =COUNTIFS('ЕЖЕДНЕВНЫЙ УЧЕТ'!$J:$J,$A41,'ЕЖЕДНЕВНЫЙ УЧЕТ'!$C:$C,N$1) -> 2 | O41: =COUNTIFS('ЕЖЕДНЕВНЫЙ УЧЕТ'!$J:$J,$A41,'ЕЖЕДНЕВНЫЙ УЧЕТ'!$C:$C,O$1) -> 0 | P41: =COUNTIFS('ЕЖЕДНЕВНЫЙ УЧЕТ'!$J:$J,$A41,'ЕЖЕДНЕВНЫЙ УЧЕТ'!$C:$C,P$1) -> 0 | Q41: =COUNTIFS('ЕЖЕДНЕВНЫЙ УЧЕТ'!$J:$J,$A41,'ЕЖЕДНЕВНЫЙ УЧЕТ'!$C:$C,Q$1) -> 0 | R41: =COUNTIFS('ЕЖЕДНЕВНЫЙ УЧЕТ'!$J:$J,$A41,'ЕЖЕДНЕВНЫЙ УЧЕТ'!$C:$C,R$1) -> 1 | ... AU41: =COUNTIFS('ЕЖЕДНЕВНЫЙ УЧЕТ'!$J:$J,$A41,'ЕЖЕДНЕВНЫЙ УЧЕТ'!$C:$C,AU$1) -> 0
... A46: Архивариус ПТО | B46: =COUNTIF('ЕЖЕДНЕВНЫЙ УЧЕТ'!J:J,СВОД!A46) -> 2 | C46: =IFERROR(B46/$B$121,"") -> 0.00014619883 | E46: Участок ЭиЭР | F46: =COUNTIFS('ЕЖЕДНЕВНЫЙ УЧЕТ'!$K:$K,СВОД!$E46,'ЕЖЕДНЕВНЫЙ УЧЕТ'!$Q:$Q,СВОД!F$1) -> 0 | G46: =IFERROR(F46/$F$48,"") -> 0 | H46: =COUNTIFS('ЕЖЕДНЕВНЫЙ УЧЕТ'!$K:$K,СВОД!$E46,'ЕЖЕДНЕВНЫЙ УЧЕТ'!$Q:$Q,СВОД!H$1) -> 9 | I46: =IFERROR(H46/$H$48,"") -> 0.00077807556 | K46: =COUNTIFS('ЕЖЕДНЕВНЫЙ УЧЕТ'!$J:$J,$A46,'ЕЖЕДНЕВНЫЙ УЧЕТ'!$C:$C,K$1) -> 0 | L46: =COUNTIFS('ЕЖЕДНЕВНЫЙ УЧЕТ'!$J:$J,$A46,'ЕЖЕДНЕВНЫЙ УЧЕТ'!$C:$C,L$1) -> 0 | M46: =COUNTIFS('ЕЖЕДНЕВНЫЙ УЧЕТ'!$J:$J,$A46,'ЕЖЕДНЕВНЫЙ УЧЕТ'!$C:$C,M$1) -> 0 | N46: =COUNTIFS('ЕЖЕДНЕВНЫЙ УЧЕТ'!$J:$J,$A46,'ЕЖЕДНЕВНЫЙ УЧЕТ'!$C:$C,N$1) -> 0 | O46: =COUNTIFS('ЕЖЕДНЕВНЫЙ УЧЕТ'!$J:$J,$A46,'ЕЖЕДНЕВНЫЙ УЧЕТ'!$C:$C,O$1) -> 0 | P46: =COUNTIFS('ЕЖЕДНЕВНЫЙ УЧЕТ'!$J:$J,$A46,'ЕЖЕДНЕВНЫЙ УЧЕТ'!$C:$C,P$1) -> 0 | Q46: =COUNTIFS('ЕЖЕДНЕВНЫЙ УЧЕТ'!$J:$J,$A46,'ЕЖЕДНЕВНЫЙ УЧЕТ'!$C:$C,Q$1) -> 0 | R46: =COUNTIFS('ЕЖЕДНЕВНЫЙ УЧЕТ'!$J:$J,$A46,'ЕЖЕДНЕВНЫЙ УЧЕТ'!$C:$C,R$1) -> 0 | ... AU46: =COUNTIFS('ЕЖЕДНЕВНЫЙ УЧЕТ'!$J:$J,$A46,'ЕЖЕДНЕВНЫЙ УЧЕТ'!$C:$C,AU$1) -> 0
A47: Техник ПТО | B47: =COUNTIF('ЕЖЕДНЕВНЫЙ УЧЕТ'!J:J,СВОД!A47) -> 15 | C47: =IFERROR(B47/$B$121,"") -> 0.0010964912 | K47: =COUNTIFS('ЕЖЕДНЕВНЫЙ УЧЕТ'!$J:$J,$A47,'ЕЖЕДНЕВНЫЙ УЧЕТ'!$C:$C,K$1) -> 0 | L47: =COUNTIFS('ЕЖЕДНЕВНЫЙ УЧЕТ'!$J:$J,$A47,'ЕЖЕДНЕВНЫЙ УЧЕТ'!$C:$C,L$1) -> 0 | M47: =COUNTIFS('ЕЖЕДНЕВНЫЙ УЧЕТ'!$J:$J,$A47,'ЕЖЕДНЕВНЫЙ УЧЕТ'!$C:$C,M$1) -> 1 | N47: =COUNTIFS('ЕЖЕДНЕВНЫЙ УЧЕТ'!$J:$J,$A47,'ЕЖЕДНЕВНЫЙ УЧЕТ'!$C:$C,N$1) -> 0 | O47: =COUNTIFS('ЕЖЕДНЕВНЫЙ УЧЕТ'!$J:$J,$A47,'ЕЖЕДНЕВНЫЙ УЧЕТ'!$C:$C,O$1) -> 4 | P47: =COUNTIFS('ЕЖЕДНЕВНЫЙ УЧЕТ'!$J:$J,$A47,'ЕЖЕДНЕВНЫЙ УЧЕТ'!$C:$C,P$1) -> 0 | Q47: =COUNTIFS('ЕЖЕДНЕВНЫЙ УЧЕТ'!$J:$J,$A47,'ЕЖЕДНЕВНЫЙ УЧЕТ'!$C:$C,Q$1) -> 0 | R47: =COUNTIFS('ЕЖЕДНЕВНЫЙ УЧЕТ'!$J:$J,$A47,'ЕЖЕДНЕВНЫЙ УЧЕТ'!$C:$C,R$1) -> 1 | ... AU47: =COUNTIFS('ЕЖЕДНЕВНЫЙ УЧЕТ'!$J:$J,$A47,'ЕЖЕДНЕВНЫЙ УЧЕТ'!$C:$C,AU$1) -> 0
A48: Начальник отдела контрактации и реализации | B48: =COUNTIF('ЕЖЕДНЕВНЫЙ УЧЕТ'!J:J,СВОД!A48) -> 7 | C48: =IFERROR(B48/$B$121,"") -> 0.00051169591 | E48: ИТОГО | F48: =SUM(F30:F47) -> 2113 | H48: =SUM(H30:H47) -> 11567 | I48: =SUM(F48,H48)='ЕЖЕДНЕВНЫЙ УЧЕТ'!G2 -> TRUE | K48: =COUNTIFS('ЕЖЕДНЕВНЫЙ УЧЕТ'!$J:$J,$A48,'ЕЖЕДНЕВНЫЙ УЧЕТ'!$C:$C,K$1) -> 0 | L48: =COUNTIFS('ЕЖЕДНЕВНЫЙ УЧЕТ'!$J:$J,$A48,'ЕЖЕДНЕВНЫЙ УЧЕТ'!$C:$C,L$1) -> 0 | M48: =COUNTIFS('ЕЖЕДНЕВНЫЙ УЧЕТ'!$J:$J,$A48,'ЕЖЕДНЕВНЫЙ УЧЕТ'!$C:$C,M$1) -> 1 | N48: =COUNTIFS('ЕЖЕДНЕВНЫЙ УЧЕТ'!$J:$J,$A48,'ЕЖЕДНЕВНЫЙ УЧЕТ'!$C:$C,N$1) -> 0 | O48: =COUNTIFS('ЕЖЕДНЕВНЫЙ УЧЕТ'!$J:$J,$A48,'ЕЖЕДНЕВНЫЙ УЧЕТ'!$C:$C,O$1) -> 0 | P48: =COUNTIFS('ЕЖЕДНЕВНЫЙ УЧЕТ'!$J:$J,$A48,'ЕЖЕДНЕВНЫЙ УЧЕТ'!$C:$C,P$1) -> 0 | Q48: =COUNTIFS('ЕЖЕДНЕВНЫЙ УЧЕТ'!$J:$J,$A48,'ЕЖЕДНЕВНЫЙ УЧЕТ'!$C:$C,Q$1) -> 0 | R48: =COUNTIFS('ЕЖЕДНЕВНЫЙ УЧЕТ'!$J:$J,$A48,'ЕЖЕДНЕВНЫЙ УЧЕТ'!$C:$C,R$1) -> 0 | ... AU48: =COUNTIFS('ЕЖЕДНЕВНЫЙ УЧЕТ'!$J:$J,$A48,'ЕЖЕДНЕВНЫЙ УЧЕТ'!$C:$C,AU$1) -> 0
A49: Заместитель начальника отдела контрактации и реализации | B49: =COUNTIF('ЕЖЕДНЕВНЫЙ УЧЕТ'!J:J,СВОД!A49) -> 6 | C49: =IFERROR(B49/$B$121,"") -> 0.00043859649 | K49: =COUNTIFS('ЕЖЕДНЕВНЫЙ УЧЕТ'!$J:$J,$A49,'ЕЖЕДНЕВНЫЙ УЧЕТ'!$C:$C,K$1) -> 0 | L49: =COUNTIFS('ЕЖЕДНЕВНЫЙ УЧЕТ'!$J:$J,$A49,'ЕЖЕДНЕВНЫЙ УЧЕТ'!$C:$C,L$1) -> 0 | M49: =COUNTIFS('ЕЖЕДНЕВНЫЙ УЧЕТ'!$J:$J,$A49,'ЕЖЕДНЕВНЫЙ УЧЕТ'!$C:$C,M$1) -> 0 | N49: =COUNTIFS('ЕЖЕДНЕВНЫЙ УЧЕТ'!$J:$J,$A49,'ЕЖЕДНЕВНЫЙ УЧЕТ'!$C:$C,N$1) -> 0 | O49: =COUNTIFS('ЕЖЕДНЕВНЫЙ УЧЕТ'!$J:$J,$A49,'ЕЖЕДНЕВНЫЙ УЧЕТ'!$C:$C,O$1) -> 1 | P49: =COUNTIFS('ЕЖЕДНЕВНЫЙ УЧЕТ'!$J:$J,$A49,'ЕЖЕДНЕВНЫЙ УЧЕТ'!$C:$C,P$1) -> 0 | Q49: =COUNTIFS('ЕЖЕДНЕВНЫЙ УЧЕТ'!$J:$J,$A49,'ЕЖЕДНЕВНЫЙ УЧЕТ'!$C:$C,Q$1) -> 0 | R49: =COUNTIFS('ЕЖЕДНЕВНЫЙ УЧЕТ'!$J:$J,$A49,'ЕЖЕДНЕВНЫЙ УЧЕТ'!$C:$C,R$1) -> 0 | ... AU49: =COUNTIFS('ЕЖЕДНЕВНЫЙ УЧЕТ'!$J:$J,$A49,'ЕЖЕДНЕВНЫЙ УЧЕТ'!$C:$C,AU$1) -> 0
A50: Ведущий инженер отдела контрактации и реализации | B50: =COUNTIF('ЕЖЕДНЕВНЫЙ УЧЕТ'!J:J,СВОД!A50) -> 29 | C50: =IFERROR(B50/$B$121,"") -> 0.002119883 | E50: Виза | F50: ITR | G50: ITR% | H50: R | I50: R% | K50: =COUNTIFS('ЕЖЕДНЕВНЫЙ УЧЕТ'!$J:$J,$A50,'ЕЖЕДНЕВНЫЙ УЧЕТ'!$C:$C,K$1) -> 0 | L50: =COUNTIFS('ЕЖЕДНЕВНЫЙ УЧЕТ'!$J:$J,$A50,'ЕЖЕДНЕВНЫЙ УЧЕТ'!$C:$C,L$1) -> 0 | M50: =COUNTIFS('ЕЖЕДНЕВНЫЙ УЧЕТ'!$J:$J,$A50,'ЕЖЕДНЕВНЫЙ УЧЕТ'!$C:$C,M$1) -> 0 | N50: =COUNTIFS('ЕЖЕДНЕВНЫЙ УЧЕТ'!$J:$J,$A50,'ЕЖЕДНЕВНЫЙ УЧЕТ'!$C:$C,N$1) -> 0 | O50: =COUNTIFS('ЕЖЕДНЕВНЫЙ УЧЕТ'!$J:$J,$A50,'ЕЖЕДНЕВНЫЙ УЧЕТ'!$C:$C,O$1) -> 1 | P50: =COUNTIFS('ЕЖЕДНЕВНЫЙ УЧЕТ'!$J:$J,$A50,'ЕЖЕДНЕВНЫЙ УЧЕТ'!$C:$C,P$1) -> 0 | Q50: =COUNTIFS('ЕЖЕДНЕВНЫЙ УЧЕТ'!$J:$J,$A50,'ЕЖЕДНЕВНЫЙ УЧЕТ'!$C:$C,Q$1) -> 0 | R50: =COUNTIFS('ЕЖЕДНЕВНЫЙ УЧЕТ'!$J:$J,$A50,'ЕЖЕДНЕВНЫЙ УЧЕТ'!$C:$C,R$1) -> 0 | ... AU50: =COUNTIFS('ЕЖЕДНЕВНЫЙ УЧЕТ'!$J:$J,$A50,'ЕЖЕДНЕВНЫЙ УЧЕТ'!$C:$C,AU$1) -> 0
A51: Ведущий специалист отдела контрактации и реализации | B51: =COUNTIF('ЕЖЕДНЕВНЫЙ УЧЕТ'!J:J,СВОД!A51) -> 3 | C51: =IFERROR(B51/$B$121,"") -> 0.00021929825 | E51: ВКС | F51: =COUNTIFS('ЕЖЕДНЕВНЫЙ УЧЕТ'!$L:$L,СВОД!$E51,'ЕЖЕДНЕВНЫЙ УЧЕТ'!$Q:$Q,СВОД!F$1) -> 76 | G51: =IFERROR(F51/$F$58,"") -> 0.2122905 | H51: =COUNTIFS('ЕЖЕДНЕВНЫЙ УЧЕТ'!$L:$L,СВОД!$E51,'ЕЖЕДНЕВНЫЙ УЧЕТ'!$Q:$Q,СВОД!H$1) -> 0 | I51: =IFERROR(H51/$H$58,"") -> 0 | K51: =COUNTIFS('ЕЖЕДНЕВНЫЙ УЧЕТ'!$J:$J,$A51,'ЕЖЕДНЕВНЫЙ УЧЕТ'!$C:$C,K$1) -> 0 | L51: =COUNTIFS('ЕЖЕДНЕВНЫЙ УЧЕТ'!$J:$J,$A51,'ЕЖЕДНЕВНЫЙ УЧЕТ'!$C:$C,L$1) -> 0 | M51: =COUNTIFS('ЕЖЕДНЕВНЫЙ УЧЕТ'!$J:$J,$A51,'ЕЖЕДНЕВНЫЙ УЧЕТ'!$C:$C,M$1) -> 0 | N51: =COUNTIFS('ЕЖЕДНЕВНЫЙ УЧЕТ'!$J:$J,$A51,'ЕЖЕДНЕВНЫЙ УЧЕТ'!$C:$C,N$1) -> 0 | O51: =COUNTIFS('ЕЖЕДНЕВНЫЙ УЧЕТ'!$J:$J,$A51,'ЕЖЕДНЕВНЫЙ УЧЕТ'!$C:$C,O$1) -> 0 | P51: =COUNTIFS('ЕЖЕДНЕВНЫЙ УЧЕТ'!$J:$J,$A51,'ЕЖЕДНЕВНЫЙ УЧЕТ'!$C:$C,P$1) -> 0 | Q51: =COUNTIFS('ЕЖЕДНЕВНЫЙ УЧЕТ'!$J:$J,$A51,'ЕЖЕДНЕВНЫЙ УЧЕТ'!$C:$C,Q$1) -> 0 | R51: =COUNTIFS('ЕЖЕДНЕВНЫЙ УЧЕТ'!$J:$J,$A51,'ЕЖЕДНЕВНЫЙ УЧЕТ'!$C:$C,R$1) -> 0 | ... AU51: =COUNTIFS('ЕЖЕДНЕВНЫЙ УЧЕТ'!$J:$J,$A51,'ЕЖЕДНЕВНЫЙ УЧЕТ'!$C:$C,AU$1) -> 0
A52: Инженер отдела контрактации и реализации | B52: =COUNTIF('ЕЖЕДНЕВНЫЙ УЧЕТ'!J:J,СВОД!A52) -> 29 | C52: =IFERROR(B52/$B$121,"") -> 0.002119883 | E52: Деловая | F52: =COUNTIFS('ЕЖЕДНЕВНЫЙ УЧЕТ'!$L:$L,СВОД!$E52,'ЕЖЕДНЕВНЫЙ УЧЕТ'!$Q:$Q,СВОД!F$1) -> 0 | G52: =IFERROR(F52/$F$58,"") -> 0 | H52: =COUNTIFS('ЕЖЕДНЕВНЫЙ УЧЕТ'!$L:$L,СВОД!$E52,'ЕЖЕДНЕВНЫЙ УЧЕТ'!$Q:$Q,СВОД!H$1) -> 0 | I52: =IFERROR(H52/$H$58,"") -> 0 | K52: =COUNTIFS('ЕЖЕДНЕВНЫЙ УЧЕТ'!$J:$J,$A52,'ЕЖЕДНЕВНЫЙ УЧЕТ'!$C:$C,K$1) -> 0 | L52: =COUNTIFS('ЕЖЕДНЕВНЫЙ УЧЕТ'!$J:$J,$A52,'ЕЖЕДНЕВНЫЙ УЧЕТ'!$C:$C,L$1) -> 0 | M52: =COUNTIFS('ЕЖЕДНЕВНЫЙ УЧЕТ'!$J:$J,$A52,'ЕЖЕДНЕВНЫЙ УЧЕТ'!$C:$C,M$1) -> 0 | N52: =COUNTIFS('ЕЖЕДНЕВНЫЙ УЧЕТ'!$J:$J,$A52,'ЕЖЕДНЕВНЫЙ УЧЕТ'!$C:$C,N$1) -> 1 | O52: =COUNTIFS('ЕЖЕДНЕВНЫЙ УЧЕТ'!$J:$J,$A52,'ЕЖЕДНЕВНЫЙ УЧЕТ'!$C:$C,O$1) -> 2 | P52: =COUNTIFS('ЕЖЕДНЕВНЫЙ УЧЕТ'!$J:$J,$A52,'ЕЖЕДНЕВНЫЙ УЧЕТ'!$C:$C,P$1) -> 0 | Q52: =COUNTIFS('ЕЖЕДНЕВНЫЙ УЧЕТ'!$J:$J,$A52,'ЕЖЕДНЕВНЫЙ УЧЕТ'!$C:$C,Q$1) -> 0 | R52: =COUNTIFS('ЕЖЕДНЕВНЫЙ УЧЕТ'!$J:$J,$A52,'ЕЖЕДНЕВНЫЙ УЧЕТ'!$C:$C,R$1) -> 0 | ... AU52: =COUNTIFS('ЕЖЕДНЕВНЫЙ УЧЕТ'!$J:$J,$A52,'ЕЖЕДНЕВНЫЙ УЧЕТ'!$C:$C,AU$1) -> 0
A53: Специалист отдела контрактации и реализации | B53: =COUNTIF('ЕЖЕДНЕВНЫЙ УЧЕТ'!J:J,СВОД!A53) -> 6 | C53: =IFERROR(B53/$B$121,"") -> 0.00043859649 | E53: Рабочая | F53: =COUNTIFS('ЕЖЕДНЕВНЫЙ УЧЕТ'!$L:$L,СВОД!$E53,'ЕЖЕДНЕВНЫЙ УЧЕТ'!$Q:$Q,СВОД!F$1) -> 262 | G53: =IFERROR(F53/$F$58,"") -> 0.73184358 | H53: =COUNTIFS('ЕЖЕДНЕВНЫЙ УЧЕТ'!$L:$L,СВОД!$E53,'ЕЖЕДНЕВНЫЙ УЧЕТ'!$Q:$Q,СВОД!H$1) -> 3006 | I53: =IFERROR(H53/$H$58,"") -> 0.99833942 | K53: =COUNTIFS('ЕЖЕДНЕВНЫЙ УЧЕТ'!$J:$J,$A53,'ЕЖЕДНЕВНЫЙ УЧЕТ'!$C:$C,K$1) -> 0 | L53: =COUNTIFS('ЕЖЕДНЕВНЫЙ УЧЕТ'!$J:$J,$A53,'ЕЖЕДНЕВНЫЙ УЧЕТ'!$C:$C,L$1) -> 0 | M53: =COUNTIFS('ЕЖЕДНЕВНЫЙ УЧЕТ'!$J:$J,$A53,'ЕЖЕДНЕВНЫЙ УЧЕТ'!$C:$C,M$1) -> 0 | N53: =COUNTIFS('ЕЖЕДНЕВНЫЙ УЧЕТ'!$J:$J,$A53,'ЕЖЕДНЕВНЫЙ УЧЕТ'!$C:$C,N$1) -> 0 | O53: =COUNTIFS('ЕЖЕДНЕВНЫЙ УЧЕТ'!$J:$J,$A53,'ЕЖЕДНЕВНЫЙ УЧЕТ'!$C:$C,O$1) -> 2 | P53: =COUNTIFS('ЕЖЕДНЕВНЫЙ УЧЕТ'!$J:$J,$A53,'ЕЖЕДНЕВНЫЙ УЧЕТ'!$C:$C,P$1) -> 0 | Q53: =COUNTIFS('ЕЖЕДНЕВНЫЙ УЧЕТ'!$J:$J,$A53,'ЕЖЕДНЕВНЫЙ УЧЕТ'!$C:$C,Q$1) -> 0 | R53: =COUNTIFS('ЕЖЕДНЕВНЫЙ УЧЕТ'!$J:$J,$A53,'ЕЖЕДНЕВНЫЙ УЧЕТ'!$C:$C,R$1) -> 0 | ... AU53: =COUNTIFS('ЕЖЕДНЕВНЫЙ УЧЕТ'!$J:$J,$A53,'ЕЖЕДНЕВНЫЙ УЧЕТ'!$C:$C,AU$1) -> 0
A54: Начальник отдела подготовки производства | B54: =COUNTIF('ЕЖЕДНЕВНЫЙ УЧЕТ'!J:J,СВОД!A54) -> 5 | C54: =IFERROR(B54/$B$121,"") -> 0.00036549708 | E54: Турист | F54: =COUNTIFS('ЕЖЕДНЕВНЫЙ УЧЕТ'!$L:$L,СВОД!$E54,'ЕЖЕДНЕВНЫЙ УЧЕТ'!$Q:$Q,СВОД!F$1) -> 0 | G54: =IFERROR(F54/$F$58,"") -> 0 | H54: =COUNTIFS('ЕЖЕДНЕВНЫЙ УЧЕТ'!$L:$L,СВОД!$E54,'ЕЖЕДНЕВНЫЙ УЧЕТ'!$Q:$Q,СВОД!H$1) -> 0 | I54: =IFERROR(H54/$H$58,"") -> 0 | K54: =COUNTIFS('ЕЖЕДНЕВНЫЙ УЧЕТ'!$J:$J,$A54,'ЕЖЕДНЕВНЫЙ УЧЕТ'!$C:$C,K$1) -> 0 | L54: =COUNTIFS('ЕЖЕДНЕВНЫЙ УЧЕТ'!$J:$J,$A54,'ЕЖЕДНЕВНЫЙ УЧЕТ'!$C:$C,L$1) -> 0 | M54: =COUNTIFS('ЕЖЕДНЕВНЫЙ УЧЕТ'!$J:$J,$A54,'ЕЖЕДНЕВНЫЙ УЧЕТ'!$C:$C,M$1) -> 0 | N54: =COUNTIFS('ЕЖЕДНЕВНЫЙ УЧЕТ'!$J:$J,$A54,'ЕЖЕДНЕВНЫЙ УЧЕТ'!$C:$C,N$1) -> 0 | O54: =COUNTIFS('ЕЖЕДНЕВНЫЙ УЧЕТ'!$J:$J,$A54,'ЕЖЕДНЕВНЫЙ УЧЕТ'!$C:$C,O$1) -> 0 | P54: =COUNTIFS('ЕЖЕДНЕВНЫЙ УЧЕТ'!$J:$J,$A54,'ЕЖЕДНЕВНЫЙ УЧЕТ'!$C:$C,P$1) -> 0 | Q54: =COUNTIFS('ЕЖЕДНЕВНЫЙ УЧЕТ'!$J:$J,$A54,'ЕЖЕДНЕВНЫЙ УЧЕТ'!$C:$C,Q$1) -> 0 | R54: =COUNTIFS('ЕЖЕДНЕВНЫЙ УЧЕТ'!$J:$J,$A54,'ЕЖЕДНЕВНЫЙ УЧЕТ'!$C:$C,R$1) -> 0 | ... AU54: =COUNTIFS('ЕЖЕДНЕВНЫЙ УЧЕТ'!$J:$J,$A54,'ЕЖЕДНЕВНЫЙ УЧЕТ'!$C:$C,AU$1) -> 0
A55: Заместитель начальника отдела подготовки производства | B55: =COUNTIF('ЕЖЕДНЕВНЫЙ УЧЕТ'!J:J,СВОД!A55) -> 9 | C55: =IFERROR(B55/$B$121,"") -> 0.00065789474 | E55: ИТОГО | F55: =SUM(F51:F54) -> 338 | H55: =SUM(H51:H54) -> 3006 | K55: =COUNTIFS('ЕЖЕДНЕВНЫЙ УЧЕТ'!$J:$J,$A55,'ЕЖЕДНЕВНЫЙ УЧЕТ'!$C:$C,K$1) -> 0 | L55: =COUNTIFS('ЕЖЕДНЕВНЫЙ УЧЕТ'!$J:$J,$A55,'ЕЖЕДНЕВНЫЙ УЧЕТ'!$C:$C,L$1) -> 0 | M55: =COUNTIFS('ЕЖЕДНЕВНЫЙ УЧЕТ'!$J:$J,$A55,'ЕЖЕДНЕВНЫЙ УЧЕТ'!$C:$C,M$1) -> 0 | N55: =COUNTIFS('ЕЖЕДНЕВНЫЙ УЧЕТ'!$J:$J,$A55,'ЕЖЕДНЕВНЫЙ УЧЕТ'!$C:$C,N$1) -> 0 | O55: =COUNTIFS('ЕЖЕДНЕВНЫЙ УЧЕТ'!$J:$J,$A55,'ЕЖЕДНЕВНЫЙ УЧЕТ'!$C:$C,O$1) -> 0 | P55: =COUNTIFS('ЕЖЕДНЕВНЫЙ УЧЕТ'!$J:$J,$A55,'ЕЖЕДНЕВНЫЙ УЧЕТ'!$C:$C,P$1) -> 0 | Q55: =COUNTIFS('ЕЖЕДНЕВНЫЙ УЧЕТ'!$J:$J,$A55,'ЕЖЕДНЕВНЫЙ УЧЕТ'!$C:$C,Q$1) -> 1 | R55: =COUNTIFS('ЕЖЕДНЕВНЫЙ УЧЕТ'!$J:$J,$A55,'ЕЖЕДНЕВНЫЙ УЧЕТ'!$C:$C,R$1) -> 0 | ... AU55: =COUNTIFS('ЕЖЕДНЕВНЫЙ УЧЕТ'!$J:$J,$A55,'ЕЖЕДНЕВНЫЙ УЧЕТ'!$C:$C,AU$1) -> 0
A56: Ведущий инженер отдела подготовки производства | B56: =COUNTIF('ЕЖЕДНЕВНЫЙ УЧЕТ'!J:J,СВОД!A56) -> 37 | C56: =IFERROR(B56/$B$121,"") -> 0.0027046784 | E56: РВП | F56: =COUNTIFS('ЕЖЕДНЕВНЫЙ УЧЕТ'!$L:$L,СВОД!$E56,'ЕЖЕДНЕВНЫЙ УЧЕТ'!$Q:$Q,СВОД!F$1) -> 0 | G56: =IFERROR(F56/$F$58,"") -> 0 | H56: =COUNTIFS('ЕЖЕДНЕВНЫЙ УЧЕТ'!$L:$L,СВОД!$E56,'ЕЖЕДНЕВНЫЙ УЧЕТ'!$Q:$Q,СВОД!H$1) -> 0 | I56: =IFERROR(H56/$H$58,"") -> 0 | K56: =COUNTIFS('ЕЖЕДНЕВНЫЙ УЧЕТ'!$J:$J,$A56,'ЕЖЕДНЕВНЫЙ УЧЕТ'!$C:$C,K$1) -> 0 | L56: =COUNTIFS('ЕЖЕДНЕВНЫЙ УЧЕТ'!$J:$J,$A56,'ЕЖЕДНЕВНЫЙ УЧЕТ'!$C:$C,L$1) -> 0 | M56: =COUNTIFS('ЕЖЕДНЕВНЫЙ УЧЕТ'!$J:$J,$A56,'ЕЖЕДНЕВНЫЙ УЧЕТ'!$C:$C,M$1) -> 0 | N56: =COUNTIFS('ЕЖЕДНЕВНЫЙ УЧЕТ'!$J:$J,$A56,'ЕЖЕДНЕВНЫЙ УЧЕТ'!$C:$C,N$1) -> 0 | O56: =COUNTIFS('ЕЖЕДНЕВНЫЙ УЧЕТ'!$J:$J,$A56,'ЕЖЕДНЕВНЫЙ УЧЕТ'!$C:$C,O$1) -> 5 | P56: =COUNTIFS('ЕЖЕДНЕВНЫЙ УЧЕТ'!$J:$J,$A56,'ЕЖЕДНЕВНЫЙ УЧЕТ'!$C:$C,P$1) -> 0 | Q56: =COUNTIFS('ЕЖЕДНЕВНЫЙ УЧЕТ'!$J:$J,$A56,'ЕЖЕДНЕВНЫЙ УЧЕТ'!$C:$C,Q$1) -> 1 | R56: =COUNTIFS('ЕЖЕДНЕВНЫЙ УЧЕТ'!$J:$J,$A56,'ЕЖЕДНЕВНЫЙ УЧЕТ'!$C:$C,R$1) -> 1 | ... AU56: =COUNTIFS('ЕЖЕДНЕВНЫЙ УЧЕТ'!$J:$J,$A56,'ЕЖЕДНЕВНЫЙ УЧЕТ'!$C:$C,AU$1) -> 0
A57: Ведущий специалист отдела подготовки производства | B57: =COUNTIF('ЕЖЕДНЕВНЫЙ УЧЕТ'!J:J,СВОД!A57) -> 8 | C57: =IFERROR(B57/$B$121,"") -> 0.00058479532 | E57: Вид на жительство | F57: =COUNTIFS('ЕЖЕДНЕВНЫЙ УЧЕТ'!$L:$L,СВОД!$E57,'ЕЖЕДНЕВНЫЙ УЧЕТ'!$Q:$Q,СВОД!F$1) -> 20 | G57: =IFERROR(F57/$F$58,"") -> 0.055865922 | H57: =COUNTIFS('ЕЖЕДНЕВНЫЙ УЧЕТ'!$L:$L,СВОД!$E57,'ЕЖЕДНЕВНЫЙ УЧЕТ'!$Q:$Q,СВОД!H$1) -> 5 | I57: =IFERROR(H57/$H$58,"") -> 0.0016605779 | K57: =COUNTIFS('ЕЖЕДНЕВНЫЙ УЧЕТ'!$J:$J,$A57,'ЕЖЕДНЕВНЫЙ УЧЕТ'!$C:$C,K$1) -> 0 | L57: =COUNTIFS('ЕЖЕДНЕВНЫЙ УЧЕТ'!$J:$J,$A57,'ЕЖЕДНЕВНЫЙ УЧЕТ'!$C:$C,L$1) -> 0 | M57: =COUNTIFS('ЕЖЕДНЕВНЫЙ УЧЕТ'!$J:$J,$A57,'ЕЖЕДНЕВНЫЙ УЧЕТ'!$C:$C,M$1) -> 0 | N57: =COUNTIFS('ЕЖЕДНЕВНЫЙ УЧЕТ'!$J:$J,$A57,'ЕЖЕДНЕВНЫЙ УЧЕТ'!$C:$C,N$1) -> 0 | O57: =COUNTIFS('ЕЖЕДНЕВНЫЙ УЧЕТ'!$J:$J,$A57,'ЕЖЕДНЕВНЫЙ УЧЕТ'!$C:$C,O$1) -> 1 | P57: =COUNTIFS('ЕЖЕДНЕВНЫЙ УЧЕТ'!$J:$J,$A57,'ЕЖЕДНЕВНЫЙ УЧЕТ'!$C:$C,P$1) -> 0 | Q57: =COUNTIFS('ЕЖЕДНЕВНЫЙ УЧЕТ'!$J:$J,$A57,'ЕЖЕДНЕВНЫЙ УЧЕТ'!$C:$C,Q$1) -> 0 | R57: =COUNTIFS('ЕЖЕДНЕВНЫЙ УЧЕТ'!$J:$J,$A57,'ЕЖЕДНЕВНЫЙ УЧЕТ'!$C:$C,R$1) -> 0 | ... AU57: =COUNTIFS('ЕЖЕДНЕВНЫЙ УЧЕТ'!$J:$J,$A57,'ЕЖЕДНЕВНЫЙ УЧЕТ'!$C:$C,AU$1) -> 0
A58: Инженер отдела подготовки производства | B58: =COUNTIF('ЕЖЕДНЕВНЫЙ УЧЕТ'!J:J,СВОД!A58) -> 91 | C58: =IFERROR(B58/$B$121,"") -> 0.0066520468 | E58: ИТОГО | F58: =SUM(F55:F57) -> 358 | H58: =SUM(H55:H57) -> 3011 | K58: =COUNTIFS('ЕЖЕДНЕВНЫЙ УЧЕТ'!$J:$J,$A58,'ЕЖЕДНЕВНЫЙ УЧЕТ'!$C:$C,K$1) -> 0 | L58: =COUNTIFS('ЕЖЕДНЕВНЫЙ УЧЕТ'!$J:$J,$A58,'ЕЖЕДНЕВНЫЙ УЧЕТ'!$C:$C,L$1) -> 0 | M58: =COUNTIFS('ЕЖЕДНЕВНЫЙ УЧЕТ'!$J:$J,$A58,'ЕЖЕДНЕВНЫЙ УЧЕТ'!$C:$C,M$1) -> 0 | N58: =COUNTIFS('ЕЖЕДНЕВНЫЙ УЧЕТ'!$J:$J,$A58,'ЕЖЕДНЕВНЫЙ УЧЕТ'!$C:$C,N$1) -> 3 | O58: =COUNTIFS('ЕЖЕДНЕВНЫЙ УЧЕТ'!$J:$J,$A58,'ЕЖЕДНЕВНЫЙ УЧЕТ'!$C:$C,O$1) -> 11 | P58: =COUNTIFS('ЕЖЕДНЕВНЫЙ УЧЕТ'!$J:$J,$A58,'ЕЖЕДНЕВНЫЙ УЧЕТ'!$C:$C,P$1) -> 0 | Q58: =COUNTIFS('ЕЖЕДНЕВНЫЙ УЧЕТ'!$J:$J,$A58,'ЕЖЕДНЕВНЫЙ УЧЕТ'!$C:$C,Q$1) -> 2 | R58: =COUNTIFS('ЕЖЕДНЕВНЫЙ УЧЕТ'!$J:$J,$A58,'ЕЖЕДНЕВНЫЙ УЧЕТ'!$C:$C,R$1) -> 0 | ... AU58: =COUNTIFS('ЕЖЕДНЕВНЫЙ УЧЕТ'!$J:$J,$A58,'ЕЖЕДНЕВНЫЙ УЧЕТ'!$C:$C,AU$1) -> 0
A59: Специалист отдела подготовки производства | B59: =COUNTIF('ЕЖЕДНЕВНЫЙ УЧЕТ'!J:J,СВОД!A59) -> 13 | C59: =IFERROR(B59/$B$121,"") -> 0.0009502924 | K59: =COUNTIFS('ЕЖЕДНЕВНЫЙ УЧЕТ'!$J:$J,$A59,'ЕЖЕДНЕВНЫЙ УЧЕТ'!$C:$C,K$1) -> 0 | L59: =COUNTIFS('ЕЖЕДНЕВНЫЙ УЧЕТ'!$J:$J,$A59,'ЕЖЕДНЕВНЫЙ УЧЕТ'!$C:$C,L$1) -> 0 | M59: =COUNTIFS('ЕЖЕДНЕВНЫЙ УЧЕТ'!$J:$J,$A59,'ЕЖЕДНЕВНЫЙ УЧЕТ'!$C:$C,M$1) -> 0 | N59: =COUNTIFS('ЕЖЕДНЕВНЫЙ УЧЕТ'!$J:$J,$A59,'ЕЖЕДНЕВНЫЙ УЧЕТ'!$C:$C,N$1) -> 0 | O59: =COUNTIFS('ЕЖЕДНЕВНЫЙ УЧЕТ'!$J:$J,$A59,'ЕЖЕДНЕВНЫЙ УЧЕТ'!$C:$C,O$1) -> 0 | P59: =COUNTIFS('ЕЖЕДНЕВНЫЙ УЧЕТ'!$J:$J,$A59,'ЕЖЕДНЕВНЫЙ УЧЕТ'!$C:$C,P$1) -> 0 | Q59: =COUNTIFS('ЕЖЕДНЕВНЫЙ УЧЕТ'!$J:$J,$A59,'ЕЖЕДНЕВНЫЙ УЧЕТ'!$C:$C,Q$1) -> 0 | R59: =COUNTIFS('ЕЖЕДНЕВНЫЙ УЧЕТ'!$J:$J,$A59,'ЕЖЕДНЕВНЫЙ УЧЕТ'!$C:$C,R$1) -> 0 | ... AU59: =COUNTIFS('ЕЖЕДНЕВНЫЙ УЧЕТ'!$J:$J,$A59,'ЕЖЕДНЕВНЫЙ УЧЕТ'!$C:$C,AU$1) -> 0
A60: Техник отдела подготовки производства | B60: =COUNTIF('ЕЖЕДНЕВНЫЙ УЧЕТ'!J:J,СВОД!A60) -> 13 | C60: =IFERROR(B60/$B$121,"") -> 0.0009502924 | E60: Вид визы | K60: =COUNTIFS('ЕЖЕДНЕВНЫЙ УЧЕТ'!$J:$J,$A60,'ЕЖЕДНЕВНЫЙ УЧЕТ'!$C:$C,K$1) -> 0 | L60: =COUNTIFS('ЕЖЕДНЕВНЫЙ УЧЕТ'!$J:$J,$A60,'ЕЖЕДНЕВНЫЙ УЧЕТ'!$C:$C,L$1) -> 0 | M60: =COUNTIFS('ЕЖЕДНЕВНЫЙ УЧЕТ'!$J:$J,$A60,'ЕЖЕДНЕВНЫЙ УЧЕТ'!$C:$C,M$1) -> 0 | N60: =COUNTIFS('ЕЖЕДНЕВНЫЙ УЧЕТ'!$J:$J,$A60,'ЕЖЕДНЕВНЫЙ УЧЕТ'!$C:$C,N$1) -> 0 | O60: =COUNTIFS('ЕЖЕДНЕВНЫЙ УЧЕТ'!$J:$J,$A60,'ЕЖЕДНЕВНЫЙ УЧЕТ'!$C:$C,O$1) -> 1 | P60: =COUNTIFS('ЕЖЕДНЕВНЫЙ УЧЕТ'!$J:$J,$A60,'ЕЖЕДНЕВНЫЙ УЧЕТ'!$C:$C,P$1) -> 0 | Q60: =COUNTIFS('ЕЖЕДНЕВНЫЙ УЧЕТ'!$J:$J,$A60,'ЕЖЕДНЕВНЫЙ УЧЕТ'!$C:$C,Q$1) -> 2 | R60: =COUNTIFS('ЕЖЕДНЕВНЫЙ УЧЕТ'!$J:$J,$A60,'ЕЖЕДНЕВНЫЙ УЧЕТ'!$C:$C,R$1) -> 0 | ... AU60: =COUNTIFS('ЕЖЕДНЕВНЫЙ УЧЕТ'!$J:$J,$A60,'ЕЖЕДНЕВНЫЙ УЧЕТ'!$C:$C,AU$1) -> 0
A61: Диспетчер отдела подготовки производства | B61: =COUNTIF('ЕЖЕДНЕВНЫЙ УЧЕТ'!J:J,СВОД!A61) -> 7 | C61: =IFERROR(B61/$B$121,"") -> 0.00051169591 | E61: Однократная | F61: =COUNTIFS('ЕЖЕДНЕВНЫЙ УЧЕТ'!$M:$M,СВОД!$E61,'ЕЖЕДНЕВНЫЙ УЧЕТ'!$Q:$Q,СВОД!F$1) -> 32 | G61: =IFERROR(F61/$F$63,"") -> 0.076555024 | H61: =COUNTIFS('ЕЖЕДНЕВНЫЙ УЧЕТ'!$M:$M,СВОД!$E61,'ЕЖЕДНЕВНЫЙ УЧЕТ'!$Q:$Q,СВОД!H$1) -> 708 | I61: =IFERROR(H61/$H$63,"") -> 0.19804196 | K61: =COUNTIFS('ЕЖЕДНЕВНЫЙ УЧЕТ'!$J:$J,$A61,'ЕЖЕДНЕВНЫЙ УЧЕТ'!$C:$C,K$1) -> 0 | L61: =COUNTIFS('ЕЖЕДНЕВНЫЙ УЧЕТ'!$J:$J,$A61,'ЕЖЕДНЕВНЫЙ УЧЕТ'!$C:$C,L$1) -> 0 | M61: =COUNTIFS('ЕЖЕДНЕВНЫЙ УЧЕТ'!$J:$J,$A61,'ЕЖЕДНЕВНЫЙ УЧЕТ'!$C:$C,M$1) -> 0 | N61: =COUNTIFS('ЕЖЕДНЕВНЫЙ УЧЕТ'!$J:$J,$A61,'ЕЖЕДНЕВНЫЙ УЧЕТ'!$C:$C,N$1) -> 0 | O61: =COUNTIFS('ЕЖЕДНЕВНЫЙ УЧЕТ'!$J:$J,$A61,'ЕЖЕДНЕВНЫЙ УЧЕТ'!$C:$C,O$1) -> 1 | P61: =COUNTIFS('ЕЖЕДНЕВНЫЙ УЧЕТ'!$J:$J,$A61,'ЕЖЕДНЕВНЫЙ УЧЕТ'!$C:$C,P$1) -> 0 | Q61: =COUNTIFS('ЕЖЕДНЕВНЫЙ УЧЕТ'!$J:$J,$A61,'ЕЖЕДНЕВНЫЙ УЧЕТ'!$C:$C,Q$1) -> 0 | R61: =COUNTIFS('ЕЖЕДНЕВНЫЙ УЧЕТ'!$J:$J,$A61,'ЕЖЕДНЕВНЫЙ УЧЕТ'!$C:$C,R$1) -> 0 | ... AU61: =COUNTIFS('ЕЖЕДНЕВНЫЙ УЧЕТ'!$J:$J,$A61,'ЕЖЕДНЕВНЫЙ УЧЕТ'!$C:$C,AU$1) -> 0
A62: Главный геодезист | B62: =COUNTIF('ЕЖЕДНЕВНЫЙ УЧЕТ'!J:J,СВОД!A62) -> 6 | C62: =IFERROR(B62/$B$121,"") -> 0.00043859649 | E62: Многократная | F62: =COUNTIFS('ЕЖЕДНЕВНЫЙ УЧЕТ'!$M:$M,СВОД!$E62,'ЕЖЕДНЕВНЫЙ УЧЕТ'!$Q:$Q,СВОД!F$1) -> 386 | G62: =IFERROR(F62/$F$63,"") -> 0.92344498 | H62: =COUNTIFS('ЕЖЕДНЕВНЫЙ УЧЕТ'!$M:$M,СВОД!$E62,'ЕЖЕДНЕВНЫЙ УЧЕТ'!$Q:$Q,СВОД!H$1) -> 2867 | I62: =IFERROR(H62/$H$63,"") -> 0.80195804 | K62: =COUNTIFS('ЕЖЕДНЕВНЫЙ УЧЕТ'!$J:$J,$A62,'ЕЖЕДНЕВНЫЙ УЧЕТ'!$C:$C,K$1) -> 0 | L62: =COUNTIFS('ЕЖЕДНЕВНЫЙ УЧЕТ'!$J:$J,$A62,'ЕЖЕДНЕВНЫЙ УЧЕТ'!$C:$C,L$1) -> 0 | M62: =COUNTIFS('ЕЖЕДНЕВНЫЙ УЧЕТ'!$J:$J,$A62,'ЕЖЕДНЕВНЫЙ УЧЕТ'!$C:$C,M$1) -> 0 | N62: =COUNTIFS('ЕЖЕДНЕВНЫЙ УЧЕТ'!$J:$J,$A62,'ЕЖЕДНЕВНЫЙ УЧЕТ'!$C:$C,N$1) -> 0 | O62: =COUNTIFS('ЕЖЕДНЕВНЫЙ УЧЕТ'!$J:$J,$A62,'ЕЖЕДНЕВНЫЙ УЧЕТ'!$C:$C,O$1) -> 0 | P62: =COUNTIFS('ЕЖЕДНЕВНЫЙ УЧЕТ'!$J:$J,$A62,'ЕЖЕДНЕВНЫЙ УЧЕТ'!$C:$C,P$1) -> 0 | Q62: =COUNTIFS('ЕЖЕДНЕВНЫЙ УЧЕТ'!$J:$J,$A62,'ЕЖЕДНЕВНЫЙ УЧЕТ'!$C:$C,Q$1) -> 0 | R62: =COUNTIFS('ЕЖЕДНЕВНЫЙ УЧЕТ'!$J:$J,$A62,'ЕЖЕДНЕВНЫЙ УЧЕТ'!$C:$C,R$1) -> 0 | ... AU62: =COUNTIFS('ЕЖЕДНЕВНЫЙ УЧЕТ'!$J:$J,$A62,'ЕЖЕДНЕВНЫЙ УЧЕТ'!$C:$C,AU$1) -> 0
A63: Ведущий геодезист | B63: =COUNTIF('ЕЖЕДНЕВНЫЙ УЧЕТ'!J:J,СВОД!A63) -> 16 | C63: =IFERROR(B63/$B$121,"") -> 0.0011695906 | E63: ИТОГО | F63: =SUM(F61:F62) -> 418 | H63: =SUM(H61:H62) -> 3575 | K63: =COUNTIFS('ЕЖЕДНЕВНЫЙ УЧЕТ'!$J:$J,$A63,'ЕЖЕДНЕВНЫЙ УЧЕТ'!$C:$C,K$1) -> 0 | L63: =COUNTIFS('ЕЖЕДНЕВНЫЙ УЧЕТ'!$J:$J,$A63,'ЕЖЕДНЕВНЫЙ УЧЕТ'!$C:$C,L$1) -> 0 | M63: =COUNTIFS('ЕЖЕДНЕВНЫЙ УЧЕТ'!$J:$J,$A63,'ЕЖЕДНЕВНЫЙ УЧЕТ'!$C:$C,M$1) -> 0 | N63: =COUNTIFS('ЕЖЕДНЕВНЫЙ УЧЕТ'!$J:$J,$A63,'ЕЖЕДНЕВНЫЙ УЧЕТ'!$C:$C,N$1) -> 0 | O63: =COUNTIFS('ЕЖЕДНЕВНЫЙ УЧЕТ'!$J:$J,$A63,'ЕЖЕДНЕВНЫЙ УЧЕТ'!$C:$C,O$1) -> 1 | P63: =COUNTIFS('ЕЖЕДНЕВНЫЙ УЧЕТ'!$J:$J,$A63,'ЕЖЕДНЕВНЫЙ УЧЕТ'!$C:$C,P$1) -> 0 | Q63: =COUNTIFS('ЕЖЕДНЕВНЫЙ УЧЕТ'!$J:$J,$A63,'ЕЖЕДНЕВНЫЙ УЧЕТ'!$C:$C,Q$1) -> 1 | R63: =COUNTIFS('ЕЖЕДНЕВНЫЙ УЧЕТ'!$J:$J,$A63,'ЕЖЕДНЕВНЫЙ УЧЕТ'!$C:$C,R$1) -> 1 | ... AU63: =COUNTIFS('ЕЖЕДНЕВНЫЙ УЧЕТ'!$J:$J,$A63,'ЕЖЕДНЕВНЫЙ УЧЕТ'!$C:$C,AU$1) -> 0
A64: Геодезист | B64: =COUNTIF('ЕЖЕДНЕВНЫЙ УЧЕТ'!J:J,СВОД!A64) -> 92 | C64: =IFERROR(B64/$B$121,"") -> 0.0067251462 | K64: =COUNTIFS('ЕЖЕДНЕВНЫЙ УЧЕТ'!$J:$J,$A64,'ЕЖЕДНЕВНЫЙ УЧЕТ'!$C:$C,K$1) -> 0 | L64: =COUNTIFS('ЕЖЕДНЕВНЫЙ УЧЕТ'!$J:$J,$A64,'ЕЖЕДНЕВНЫЙ УЧЕТ'!$C:$C,L$1) -> 0 | M64: =COUNTIFS('ЕЖЕДНЕВНЫЙ УЧЕТ'!$J:$J,$A64,'ЕЖЕДНЕВНЫЙ УЧЕТ'!$C:$C,M$1) -> 1 | N64: =COUNTIFS('ЕЖЕДНЕВНЫЙ УЧЕТ'!$J:$J,$A64,'ЕЖЕДНЕВНЫЙ УЧЕТ'!$C:$C,N$1) -> 0 | O64: =COUNTIFS('ЕЖЕДНЕВНЫЙ УЧЕТ'!$J:$J,$A64,'ЕЖЕДНЕВНЫЙ УЧЕТ'!$C:$C,O$1) -> 6 | P64: =COUNTIFS('ЕЖЕДНЕВНЫЙ УЧЕТ'!$J:$J,$A64,'ЕЖЕДНЕВНЫЙ УЧЕТ'!$C:$C,P$1) -> 0 | Q64: =COUNTIFS('ЕЖЕДНЕВНЫЙ УЧЕТ'!$J:$J,$A64,'ЕЖЕДНЕВНЫЙ УЧЕТ'!$C:$C,Q$1) -> 0 | R64: =COUNTIFS('ЕЖЕДНЕВНЫЙ УЧЕТ'!$J:$J,$A64,'ЕЖЕДНЕВНЫЙ УЧЕТ'!$C:$C,R$1) -> 0 | ... AU64: =COUNTIFS('ЕЖЕДНЕВНЫЙ УЧЕТ'!$J:$J,$A64,'ЕЖЕДНЕВНЫЙ УЧЕТ'!$C:$C,AU$1) -> 3
A65: Техник-геодезист | B65: =COUNTIF('ЕЖЕДНЕВНЫЙ УЧЕТ'!J:J,СВОД!A65) -> 33 | C65: =IFERROR(B65/$B$121,"") -> 0.0024122807 | K65: =COUNTIFS('ЕЖЕДНЕВНЫЙ УЧЕТ'!$J:$J,$A65,'ЕЖЕДНЕВНЫЙ УЧЕТ'!$C:$C,K$1) -> 0 | L65: =COUNTIFS('ЕЖЕДНЕВНЫЙ УЧЕТ'!$J:$J,$A65,'ЕЖЕДНЕВНЫЙ УЧЕТ'!$C:$C,L$1) -> 0 | M65: =COUNTIFS('ЕЖЕДНЕВНЫЙ УЧЕТ'!$J:$J,$A65,'ЕЖЕДНЕВНЫЙ УЧЕТ'!$C:$C,M$1) -> 0 | N65: =COUNTIFS('ЕЖЕДНЕВНЫЙ УЧЕТ'!$J:$J,$A65,'ЕЖЕДНЕВНЫЙ УЧЕТ'!$C:$C,N$1) -> 0 | O65: =COUNTIFS('ЕЖЕДНЕВНЫЙ УЧЕТ'!$J:$J,$A65,'ЕЖЕДНЕВНЫЙ УЧЕТ'!$C:$C,O$1) -> 3 | P65: =COUNTIFS('ЕЖЕДНЕВНЫЙ УЧЕТ'!$J:$J,$A65,'ЕЖЕДНЕВНЫЙ УЧЕТ'!$C:$C,P$1) -> 0 | Q65: =COUNTIFS('ЕЖЕДНЕВНЫЙ УЧЕТ'!$J:$J,$A65,'ЕЖЕДНЕВНЫЙ УЧЕТ'!$C:$C,Q$1) -> 0 | R65: =COUNTIFS('ЕЖЕДНЕВНЫЙ УЧЕТ'!$J:$J,$A65,'ЕЖЕДНЕВНЫЙ УЧЕТ'!$C:$C,R$1) -> 0 | ... AU65: =COUNTIFS('ЕЖЕДНЕВНЫЙ УЧЕТ'!$J:$J,$A65,'ЕЖЕДНЕВНЫЙ УЧЕТ'!$C:$C,AU$1) -> 1
A66: Ведущий инженер отдела геодезических работ | B66: =COUNTIF('ЕЖЕДНЕВНЫЙ УЧЕТ'!J:J,СВОД!A66) -> 3 | C66: =IFERROR(B66/$B$121,"") -> 0.00021929825 | E66: Регион | K66: =COUNTIFS('ЕЖЕДНЕВНЫЙ УЧЕТ'!$J:$J,$A66,'ЕЖЕДНЕВНЫЙ УЧЕТ'!$C:$C,K$1) -> 0 | L66: =COUNTIFS('ЕЖЕДНЕВНЫЙ УЧЕТ'!$J:$J,$A66,'ЕЖЕДНЕВНЫЙ УЧЕТ'!$C:$C,L$1) -> 0 | M66: =COUNTIFS('ЕЖЕДНЕВНЫЙ УЧЕТ'!$J:$J,$A66,'ЕЖЕДНЕВНЫЙ УЧЕТ'!$C:$C,M$1) -> 0 | N66: =COUNTIFS('ЕЖЕДНЕВНЫЙ УЧЕТ'!$J:$J,$A66,'ЕЖЕДНЕВНЫЙ УЧЕТ'!$C:$C,N$1) -> 0 | O66: =COUNTIFS('ЕЖЕДНЕВНЫЙ УЧЕТ'!$J:$J,$A66,'ЕЖЕДНЕВНЫЙ УЧЕТ'!$C:$C,O$1) -> 0 | P66: =COUNTIFS('ЕЖЕДНЕВНЫЙ УЧЕТ'!$J:$J,$A66,'ЕЖЕДНЕВНЫЙ УЧЕТ'!$C:$C,P$1) -> 0 | Q66: =COUNTIFS('ЕЖЕДНЕВНЫЙ УЧЕТ'!$J:$J,$A66,'ЕЖЕДНЕВНЫЙ УЧЕТ'!$C:$C,Q$1) -> 0 | R66: =COUNTIFS('ЕЖЕДНЕВНЫЙ УЧЕТ'!$J:$J,$A66,'ЕЖЕДНЕВНЫЙ УЧЕТ'!$C:$C,R$1) -> 0 | ... AU66: =COUNTIFS('ЕЖЕДНЕВНЫЙ УЧЕТ'!$J:$J,$A66,'ЕЖЕДНЕВНЫЙ УЧЕТ'!$C:$C,AU$1) -> 0
A67: Ведущий специалист отдела геодезических работ | B67: =COUNTIF('ЕЖЕДНЕВНЫЙ УЧЕТ'!J:J,СВОД!A67) -> 0 | C67: =IFERROR(B67/$B$121,"") -> 0 | E67: Санкт-Петербург | F67: =COUNTIFS('ЕЖЕДНЕВНЫЙ УЧЕТ'!$B:$B,СВОД!$E67,'ЕЖЕДНЕВНЫЙ УЧЕТ'!$Q:$Q,СВОД!F$1) -> 0 | G67: =IFERROR(F67/$F$83,"") -> 0 | H67: =COUNTIFS('ЕЖЕДНЕВНЫЙ УЧЕТ'!$B:$B,СВОД!$E67,'ЕЖЕДНЕВНЫЙ УЧЕТ'!$Q:$Q,СВОД!H$1) -> 0 | I67: =IFERROR(H67/$H$83,"") -> 0 | K67: =COUNTIFS('ЕЖЕДНЕВНЫЙ УЧЕТ'!$J:$J,$A67,'ЕЖЕДНЕВНЫЙ УЧЕТ'!$C:$C,K$1) -> 0 | L67: =COUNTIFS('ЕЖЕДНЕВНЫЙ УЧЕТ'!$J:$J,$A67,'ЕЖЕДНЕВНЫЙ УЧЕТ'!$C:$C,L$1) -> 0 | M67: =COUNTIFS('ЕЖЕДНЕВНЫЙ УЧЕТ'!$J:$J,$A67,'ЕЖЕДНЕВНЫЙ УЧЕТ'!$C:$C,M$1) -> 0 | N67: =COUNTIFS('ЕЖЕДНЕВНЫЙ УЧЕТ'!$J:$J,$A67,'ЕЖЕДНЕВНЫЙ УЧЕТ'!$C:$C,N$1) -> 0 | O67: =COUNTIFS('ЕЖЕДНЕВНЫЙ УЧЕТ'!$J:$J,$A67,'ЕЖЕДНЕВНЫЙ УЧЕТ'!$C:$C,O$1) -> 0 | P67: =COUNTIFS('ЕЖЕДНЕВНЫЙ УЧЕТ'!$J:$J,$A67,'ЕЖЕДНЕВНЫЙ УЧЕТ'!$C:$C,P$1) -> 0 | Q67: =COUNTIFS('ЕЖЕДНЕВНЫЙ УЧЕТ'!$J:$J,$A67,'ЕЖЕДНЕВНЫЙ УЧЕТ'!$C:$C,Q$1) -> 0 | R67: =COUNTIFS('ЕЖЕДНЕВНЫЙ УЧЕТ'!$J:$J,$A67,'ЕЖЕДНЕВНЫЙ УЧЕТ'!$C:$C,R$1) -> 0 | ... AU67: =COUNTIFS('ЕЖЕДНЕВНЫЙ УЧЕТ'!$J:$J,$A67,'ЕЖЕДНЕВНЫЙ УЧЕТ'!$C:$C,AU$1) -> 0
A68: Инженер отдела геодезических работ | B68: =COUNTIF('ЕЖЕДНЕВНЫЙ УЧЕТ'!J:J,СВОД!A68) -> 44 | C68: =IFERROR(B68/$B$121,"") -> 0.0032163743 | E68: Красноярский край | F68: =COUNTIFS('ЕЖЕДНЕВНЫЙ УЧЕТ'!$B:$B,СВОД!$E68,'ЕЖЕДНЕВНЫЙ УЧЕТ'!$Q:$Q,СВОД!F$1) -> 53 | G68: =IFERROR(F68/$F$83,"") -> 0.025082821 | H68: =COUNTIFS('ЕЖЕДНЕВНЫЙ УЧЕТ'!$B:$B,СВОД!$E68,'ЕЖЕДНЕВНЫЙ УЧЕТ'!$Q:$Q,СВОД!H$1) -> 223 | I68: =IFERROR(H68/$H$83,"") -> 0.019278983 | K68: =COUNTIFS('ЕЖЕДНЕВНЫЙ УЧЕТ'!$J:$J,$A68,'ЕЖЕДНЕВНЫЙ УЧЕТ'!$C:$C,K$1) -> 0 | L68: =COUNTIFS('ЕЖЕДНЕВНЫЙ УЧЕТ'!$J:$J,$A68,'ЕЖЕДНЕВНЫЙ УЧЕТ'!$C:$C,L$1) -> 0 | M68: =COUNTIFS('ЕЖЕДНЕВНЫЙ УЧЕТ'!$J:$J,$A68,'ЕЖЕДНЕВНЫЙ УЧЕТ'!$C:$C,M$1) -> 0 | N68: =COUNTIFS('ЕЖЕДНЕВНЫЙ УЧЕТ'!$J:$J,$A68,'ЕЖЕДНЕВНЫЙ УЧЕТ'!$C:$C,N$1) -> 0 | O68: =COUNTIFS('ЕЖЕДНЕВНЫЙ УЧЕТ'!$J:$J,$A68,'ЕЖЕДНЕВНЫЙ УЧЕТ'!$C:$C,O$1) -> 1 | P68: =COUNTIFS('ЕЖЕДНЕВНЫЙ УЧЕТ'!$J:$J,$A68,'ЕЖЕДНЕВНЫЙ УЧЕТ'!$C:$C,P$1) -> 0 | Q68: =COUNTIFS('ЕЖЕДНЕВНЫЙ УЧЕТ'!$J:$J,$A68,'ЕЖЕДНЕВНЫЙ УЧЕТ'!$C:$C,Q$1) -> 0 | R68: =COUNTIFS('ЕЖЕДНЕВНЫЙ УЧЕТ'!$J:$J,$A68,'ЕЖЕДНЕВНЫЙ УЧЕТ'!$C:$C,R$1) -> 0 | ... AU68: =COUNTIFS('ЕЖЕДНЕВНЫЙ УЧЕТ'!$J:$J,$A68,'ЕЖЕДНЕВНЫЙ УЧЕТ'!$C:$C,AU$1) -> 0
A69: Специалист отдела геодезических работ | B69: =COUNTIF('ЕЖЕДНЕВНЫЙ УЧЕТ'!J:J,СВОД!A69) -> 1 | C69: =IFERROR(B69/$B$121,"") -> 7.3099415e-05 | E69: Краснодар | F69: =COUNTIFS('ЕЖЕДНЕВНЫЙ УЧЕТ'!$B:$B,СВОД!$E69,'ЕЖЕДНЕВНЫЙ УЧЕТ'!$Q:$Q,СВОД!F$1) -> 455 | G69: =IFERROR(F69/$F$83,"") -> 0.21533365 | H69: =COUNTIFS('ЕЖЕДНЕВНЫЙ УЧЕТ'!$B:$B,СВОД!$E69,'ЕЖЕДНЕВНЫЙ УЧЕТ'!$Q:$Q,СВОД!H$1) -> 2737 | I69: =IFERROR(H69/$H$83,"") -> 0.23662142 | K69: =COUNTIFS('ЕЖЕДНЕВНЫЙ УЧЕТ'!$J:$J,$A69,'ЕЖЕДНЕВНЫЙ УЧЕТ'!$C:$C,K$1) -> 0 | L69: =COUNTIFS('ЕЖЕДНЕВНЫЙ УЧЕТ'!$J:$J,$A69,'ЕЖЕДНЕВНЫЙ УЧЕТ'!$C:$C,L$1) -> 0 | M69: =COUNTIFS('ЕЖЕДНЕВНЫЙ УЧЕТ'!$J:$J,$A69,'ЕЖЕДНЕВНЫЙ УЧЕТ'!$C:$C,M$1) -> 0 | N69: =COUNTIFS('ЕЖЕДНЕВНЫЙ УЧЕТ'!$J:$J,$A69,'ЕЖЕДНЕВНЫЙ УЧЕТ'!$C:$C,N$1) -> 0 | O69: =COUNTIFS('ЕЖЕДНЕВНЫЙ УЧЕТ'!$J:$J,$A69,'ЕЖЕДНЕВНЫЙ УЧЕТ'!$C:$C,O$1) -> 0 | P69: =COUNTIFS('ЕЖЕДНЕВНЫЙ УЧЕТ'!$J:$J,$A69,'ЕЖЕДНЕВНЫЙ УЧЕТ'!$C:$C,P$1) -> 0 | Q69: =COUNTIFS('ЕЖЕДНЕВНЫЙ УЧЕТ'!$J:$J,$A69,'ЕЖЕДНЕВНЫЙ УЧЕТ'!$C:$C,Q$1) -> 1 | R69: =COUNTIFS('ЕЖЕДНЕВНЫЙ УЧЕТ'!$J:$J,$A69,'ЕЖЕДНЕВНЫЙ УЧЕТ'!$C:$C,R$1) -> 0 | ... AU69: =COUNTIFS('ЕЖЕДНЕВНЫЙ УЧЕТ'!$J:$J,$A69,'ЕЖЕДНЕВНЫЙ УЧЕТ'!$C:$C,AU$1) -> 0
A70: Помощник геодезиста | B70: =COUNTIF('ЕЖЕДНЕВНЫЙ УЧЕТ'!J:J,СВОД!A70) -> 27 | C70: =IFERROR(B70/$B$121,"") -> 0.0019736842 | E70: Тюмень | F70: =COUNTIFS('ЕЖЕДНЕВНЫЙ УЧЕТ'!$B:$B,СВОД!$E70,'ЕЖЕДНЕВНЫЙ УЧЕТ'!$Q:$Q,СВОД!F$1) -> 0 | G70: =IFERROR(F70/$F$83,"") -> 0 | H70: =COUNTIFS('ЕЖЕДНЕВНЫЙ УЧЕТ'!$B:$B,СВОД!$E70,'ЕЖЕДНЕВНЫЙ УЧЕТ'!$Q:$Q,СВОД!H$1) -> 0 | I70: =IFERROR(H70/$H$83,"") -> 0 | K70: =COUNTIFS('ЕЖЕДНЕВНЫЙ УЧЕТ'!$J:$J,$A70,'ЕЖЕДНЕВНЫЙ УЧЕТ'!$C:$C,K$1) -> 0 | L70: =COUNTIFS('ЕЖЕДНЕВНЫЙ УЧЕТ'!$J:$J,$A70,'ЕЖЕДНЕВНЫЙ УЧЕТ'!$C:$C,L$1) -> 0 | M70: =COUNTIFS('ЕЖЕДНЕВНЫЙ УЧЕТ'!$J:$J,$A70,'ЕЖЕДНЕВНЫЙ УЧЕТ'!$C:$C,M$1) -> 0 | N70: =COUNTIFS('ЕЖЕДНЕВНЫЙ УЧЕТ'!$J:$J,$A70,'ЕЖЕДНЕВНЫЙ УЧЕТ'!$C:$C,N$1) -> 0 | O70: =COUNTIFS('ЕЖЕДНЕВНЫЙ УЧЕТ'!$J:$J,$A70,'ЕЖЕДНЕВНЫЙ УЧЕТ'!$C:$C,O$1) -> 0 | P70: =COUNTIFS('ЕЖЕДНЕВНЫЙ УЧЕТ'!$J:$J,$A70,'ЕЖЕДНЕВНЫЙ УЧЕТ'!$C:$C,P$1) -> 0 | Q70: =COUNTIFS('ЕЖЕДНЕВНЫЙ УЧЕТ'!$J:$J,$A70,'ЕЖЕДНЕВНЫЙ УЧЕТ'!$C:$C,Q$1) -> 0 | R70: =COUNTIFS('ЕЖЕДНЕВНЫЙ УЧЕТ'!$J:$J,$A70,'ЕЖЕДНЕВНЫЙ УЧЕТ'!$C:$C,R$1) -> 0 | ... AU70: =COUNTIFS('ЕЖЕДНЕВНЫЙ УЧЕТ'!$J:$J,$A70,'ЕЖЕДНЕВНЫЙ УЧЕТ'!$C:$C,AU$1) -> 2
A71: Старший инспектор | B71: =COUNTIF('ЕЖЕДНЕВНЫЙ УЧЕТ'!J:J,СВОД!A71) -> 2 | C71: =IFERROR(B71/$B$121,"") -> 0.00014619883 | E71: Ленинградская область | F71: =COUNTIFS('ЕЖЕДНЕВНЫЙ УЧЕТ'!$B:$B,СВОД!$E71,'ЕЖЕДНЕВНЫЙ УЧЕТ'!$Q:$Q,СВОД!F$1) -> 754 | G71: =IFERROR(F71/$F$83,"") -> 0.35683862 | H71: =COUNTIFS('ЕЖЕДНЕВНЫЙ УЧЕТ'!$B:$B,СВОД!$E71,'ЕЖЕДНЕВНЫЙ УЧЕТ'!$Q:$Q,СВОД!H$1) -> 4475 | I71: =IFERROR(H71/$H$83,"") -> 0.38687646 | K71: =COUNTIFS('ЕЖЕДНЕВНЫЙ УЧЕТ'!$J:$J,$A71,'ЕЖЕДНЕВНЫЙ УЧЕТ'!$C:$C,K$1) -> 0 | L71: =COUNTIFS('ЕЖЕДНЕВНЫЙ УЧЕТ'!$J:$J,$A71,'ЕЖЕДНЕВНЫЙ УЧЕТ'!$C:$C,L$1) -> 0 | M71: =COUNTIFS('ЕЖЕДНЕВНЫЙ УЧЕТ'!$J:$J,$A71,'ЕЖЕДНЕВНЫЙ УЧЕТ'!$C:$C,M$1) -> 0 | N71: =COUNTIFS('ЕЖЕДНЕВНЫЙ УЧЕТ'!$J:$J,$A71,'ЕЖЕДНЕВНЫЙ УЧЕТ'!$C:$C,N$1) -> 0 | O71: =COUNTIFS('ЕЖЕДНЕВНЫЙ УЧЕТ'!$J:$J,$A71,'ЕЖЕДНЕВНЫЙ УЧЕТ'!$C:$C,O$1) -> 0 | P71: =COUNTIFS('ЕЖЕДНЕВНЫЙ УЧЕТ'!$J:$J,$A71,'ЕЖЕДНЕВНЫЙ УЧЕТ'!$C:$C,P$1) -> 0 | Q71: =COUNTIFS('ЕЖЕДНЕВНЫЙ УЧЕТ'!$J:$J,$A71,'ЕЖЕДНЕВНЫЙ УЧЕТ'!$C:$C,Q$1) -> 0 | R71: =COUNTIFS('ЕЖЕДНЕВНЫЙ УЧЕТ'!$J:$J,$A71,'ЕЖЕДНЕВНЫЙ УЧЕТ'!$C:$C,R$1) -> 0 | ... AU71: =COUNTIFS('ЕЖЕДНЕВНЫЙ УЧЕТ'!$J:$J,$A71,'ЕЖЕДНЕВНЫЙ УЧЕТ'!$C:$C,AU$1) -> 0
A72: Инспектор | B72: =COUNTIF('ЕЖЕДНЕВНЫЙ УЧЕТ'!J:J,СВОД!A72) -> 56 | C72: =IFERROR(B72/$B$121,"") -> 0.0040935673 | E72: Нижегородская область | F72: =COUNTIFS('ЕЖЕДНЕВНЫЙ УЧЕТ'!$B:$B,СВОД!$E72,'ЕЖЕДНЕВНЫЙ УЧЕТ'!$Q:$Q,СВОД!F$1) -> 0 | G72: =IFERROR(F72/$F$83,"") -> 0 | H72: =COUNTIFS('ЕЖЕДНЕВНЫЙ УЧЕТ'!$B:$B,СВОД!$E72,'ЕЖЕДНЕВНЫЙ УЧЕТ'!$Q:$Q,СВОД!H$1) -> 0 | I72: =IFERROR(H72/$H$83,"") -> 0 | K72: =COUNTIFS('ЕЖЕДНЕВНЫЙ УЧЕТ'!$J:$J,$A72,'ЕЖЕДНЕВНЫЙ УЧЕТ'!$C:$C,K$1) -> 0 | L72: =COUNTIFS('ЕЖЕДНЕВНЫЙ УЧЕТ'!$J:$J,$A72,'ЕЖЕДНЕВНЫЙ УЧЕТ'!$C:$C,L$1) -> 0 | M72: =COUNTIFS('ЕЖЕДНЕВНЫЙ УЧЕТ'!$J:$J,$A72,'ЕЖЕДНЕВНЫЙ УЧЕТ'!$C:$C,M$1) -> 0 | N72: =COUNTIFS('ЕЖЕДНЕВНЫЙ УЧЕТ'!$J:$J,$A72,'ЕЖЕДНЕВНЫЙ УЧЕТ'!$C:$C,N$1) -> 1 | O72: =COUNTIFS('ЕЖЕДНЕВНЫЙ УЧЕТ'!$J:$J,$A72,'ЕЖЕДНЕВНЫЙ УЧЕТ'!$C:$C,O$1) -> 16 | P72: =COUNTIFS('ЕЖЕДНЕВНЫЙ УЧЕТ'!$J:$J,$A72,'ЕЖЕДНЕВНЫЙ УЧЕТ'!$C:$C,P$1) -> 0 | Q72: =COUNTIFS('ЕЖЕДНЕВНЫЙ УЧЕТ'!$J:$J,$A72,'ЕЖЕДНЕВНЫЙ УЧЕТ'!$C:$C,Q$1) -> 1 | R72: =COUNTIFS('ЕЖЕДНЕВНЫЙ УЧЕТ'!$J:$J,$A72,'ЕЖЕДНЕВНЫЙ УЧЕТ'!$C:$C,R$1) -> 1 | ... AU72: =COUNTIFS('ЕЖЕДНЕВНЫЙ УЧЕТ'!$J:$J,$A72,'ЕЖЕДНЕВНЫЙ УЧЕТ'!$C:$C,AU$1) -> 0
A73: Инженер-технолог | B73: =COUNTIF('ЕЖЕДНЕВНЫЙ УЧЕТ'!J:J,СВОД!A73) -> 0 | C73: =IFERROR(B73/$B$121,"") -> 0 | E73: ЯНАО | F73: =COUNTIFS('ЕЖЕДНЕВНЫЙ УЧЕТ'!$B:$B,СВОД!$E73,'ЕЖЕДНЕВНЫЙ УЧЕТ'!$Q:$Q,СВОД!F$1) -> 153 | G73: =IFERROR(F73/$F$83,"") -> 0.072408897 | H73: =COUNTIFS('ЕЖЕДНЕВНЫЙ УЧЕТ'!$B:$B,СВОД!$E73,'ЕЖЕДНЕВНЫЙ УЧЕТ'!$Q:$Q,СВОД!H$1) -> 445 | I73: =IFERROR(H73/$H$83,"") -> 0.038471514 | K73: =COUNTIFS('ЕЖЕДНЕВНЫЙ УЧЕТ'!$J:$J,$A73,'ЕЖЕДНЕВНЫЙ УЧЕТ'!$C:$C,K$1) -> 0 | L73: =COUNTIFS('ЕЖЕДНЕВНЫЙ УЧЕТ'!$J:$J,$A73,'ЕЖЕДНЕВНЫЙ УЧЕТ'!$C:$C,L$1) -> 0 | M73: =COUNTIFS('ЕЖЕДНЕВНЫЙ УЧЕТ'!$J:$J,$A73,'ЕЖЕДНЕВНЫЙ УЧЕТ'!$C:$C,M$1) -> 0 | N73: =COUNTIFS('ЕЖЕДНЕВНЫЙ УЧЕТ'!$J:$J,$A73,'ЕЖЕДНЕВНЫЙ УЧЕТ'!$C:$C,N$1) -> 0 | O73: =COUNTIFS('ЕЖЕДНЕВНЫЙ УЧЕТ'!$J:$J,$A73,'ЕЖЕДНЕВНЫЙ УЧЕТ'!$C:$C,O$1) -> 0 | P73: =COUNTIFS('ЕЖЕДНЕВНЫЙ УЧЕТ'!$J:$J,$A73,'ЕЖЕДНЕВНЫЙ УЧЕТ'!$C:$C,P$1) -> 0 | Q73: =COUNTIFS('ЕЖЕДНЕВНЫЙ УЧЕТ'!$J:$J,$A73,'ЕЖЕДНЕВНЫЙ УЧЕТ'!$C:$C,Q$1) -> 0 | R73: =COUNTIFS('ЕЖЕДНЕВНЫЙ УЧЕТ'!$J:$J,$A73,'ЕЖЕДНЕВНЫЙ УЧЕТ'!$C:$C,R$1) -> 0 | ... AU73: =COUNTIFS('ЕЖЕДНЕВНЫЙ УЧЕТ'!$J:$J,$A73,'ЕЖЕДНЕВНЫЙ УЧЕТ'!$C:$C,AU$1) -> 0
A74: Начальник отдела организации и контроля сварочных работ | B74: =COUNTIF('ЕЖЕДНЕВНЫЙ УЧЕТ'!J:J,СВОД!A74) -> 1 | C74: =IFERROR(B74/$B$121,"") -> 7.3099415e-05 | E74: Мурманская область | F74: =COUNTIFS('ЕЖЕДНЕВНЫЙ УЧЕТ'!$B:$B,СВОД!$E74,'ЕЖЕДНЕВНЫЙ УЧЕТ'!$Q:$Q,СВОД!F$1) -> 3 | G74: =IFERROR(F74/$F$83,"") -> 0.0014197823 | H74: =COUNTIFS('ЕЖЕДНЕВНЫЙ УЧЕТ'!$B:$B,СВОД!$E74,'ЕЖЕДНЕВНЫЙ УЧЕТ'!$Q:$Q,СВОД!H$1) -> 10 | I74: =IFERROR(H74/$H$83,"") -> 0.0008645284 | K74: =COUNTIFS('ЕЖЕДНЕВНЫЙ УЧЕТ'!$J:$J,$A74,'ЕЖЕДНЕВНЫЙ УЧЕТ'!$C:$C,K$1) -> 0 | L74: =COUNTIFS('ЕЖЕДНЕВНЫЙ УЧЕТ'!$J:$J,$A74,'ЕЖЕДНЕВНЫЙ УЧЕТ'!$C:$C,L$1) -> 0 | M74: =COUNTIFS('ЕЖЕДНЕВНЫЙ УЧЕТ'!$J:$J,$A74,'ЕЖЕДНЕВНЫЙ УЧЕТ'!$C:$C,M$1) -> 0 | N74: =COUNTIFS('ЕЖЕДНЕВНЫЙ УЧЕТ'!$J:$J,$A74,'ЕЖЕДНЕВНЫЙ УЧЕТ'!$C:$C,N$1) -> 0 | O74: =COUNTIFS('ЕЖЕДНЕВНЫЙ УЧЕТ'!$J:$J,$A74,'ЕЖЕДНЕВНЫЙ УЧЕТ'!$C:$C,O$1) -> 0 | P74: =COUNTIFS('ЕЖЕДНЕВНЫЙ УЧЕТ'!$J:$J,$A74,'ЕЖЕДНЕВНЫЙ УЧЕТ'!$C:$C,P$1) -> 0 | Q74: =COUNTIFS('ЕЖЕДНЕВНЫЙ УЧЕТ'!$J:$J,$A74,'ЕЖЕДНЕВНЫЙ УЧЕТ'!$C:$C,Q$1) -> 0 | R74: =COUNTIFS('ЕЖЕДНЕВНЫЙ УЧЕТ'!$J:$J,$A74,'ЕЖЕДНЕВНЫЙ УЧЕТ'!$C:$C,R$1) -> 0 | ... AU74: =COUNTIFS('ЕЖЕДНЕВНЫЙ УЧЕТ'!$J:$J,$A74,'ЕЖЕДНЕВНЫЙ УЧЕТ'!$C:$C,AU$1) -> 0
A75: Ведущий инженер по сварке | B75: =COUNTIF('ЕЖЕДНЕВНЫЙ УЧЕТ'!J:J,СВОД!A75) -> 0 | C75: =IFERROR(B75/$B$121,"") -> 0 | E75: Амурский | F75: =COUNTIFS('ЕЖЕДНЕВНЫЙ УЧЕТ'!$B:$B,СВОД!$E75,'ЕЖЕДНЕВНЫЙ УЧЕТ'!$Q:$Q,СВОД!F$1) -> 462 | G75: =IFERROR(F75/$F$83,"") -> 0.21864647 | H75: =COUNTIFS('ЕЖЕДНЕВНЫЙ УЧЕТ'!$B:$B,СВОД!$E75,'ЕЖЕДНЕВНЫЙ УЧЕТ'!$Q:$Q,СВОД!H$1) -> 2367 | I75: =IFERROR(H75/$H$83,"") -> 0.20463387 | K75: =COUNTIFS('ЕЖЕДНЕВНЫЙ УЧЕТ'!$J:$J,$A75,'ЕЖЕДНЕВНЫЙ УЧЕТ'!$C:$C,K$1) -> 0 | L75: =COUNTIFS('ЕЖЕДНЕВНЫЙ УЧЕТ'!$J:$J,$A75,'ЕЖЕДНЕВНЫЙ УЧЕТ'!$C:$C,L$1) -> 0 | M75: =COUNTIFS('ЕЖЕДНЕВНЫЙ УЧЕТ'!$J:$J,$A75,'ЕЖЕДНЕВНЫЙ УЧЕТ'!$C:$C,M$1) -> 0 | N75: =COUNTIFS('ЕЖЕДНЕВНЫЙ УЧЕТ'!$J:$J,$A75,'ЕЖЕДНЕВНЫЙ УЧЕТ'!$C:$C,N$1) -> 0 | O75: =COUNTIFS('ЕЖЕДНЕВНЫЙ УЧЕТ'!$J:$J,$A75,'ЕЖЕДНЕВНЫЙ УЧЕТ'!$C:$C,O$1) -> 0 | P75: =COUNTIFS('ЕЖЕДНЕВНЫЙ УЧЕТ'!$J:$J,$A75,'ЕЖЕДНЕВНЫЙ УЧЕТ'!$C:$C,P$1) -> 0 | Q75: =COUNTIFS('ЕЖЕДНЕВНЫЙ УЧЕТ'!$J:$J,$A75,'ЕЖЕДНЕВНЫЙ УЧЕТ'!$C:$C,Q$1) -> 0 | R75: =COUNTIFS('ЕЖЕДНЕВНЫЙ УЧЕТ'!$J:$J,$A75,'ЕЖЕДНЕВНЫЙ УЧЕТ'!$C:$C,R$1) -> 0 | ... AU75: =COUNTIFS('ЕЖЕДНЕВНЫЙ УЧЕТ'!$J:$J,$A75,'ЕЖЕДНЕВНЫЙ УЧЕТ'!$C:$C,AU$1) -> 0
A76: Инженер по сварке | B76: =COUNTIF('ЕЖЕДНЕВНЫЙ УЧЕТ'!J:J,СВОД!A76) -> 2 | C76: =IFERROR(B76/$B$121,"") -> 0.00014619883 | E76: Омская область | F76: =COUNTIFS('ЕЖЕДНЕВНЫЙ УЧЕТ'!$B:$B,СВОД!$E76,'ЕЖЕДНЕВНЫЙ УЧЕТ'!$Q:$Q,СВОД!F$1) -> 0 | G76: =IFERROR(F76/$F$83,"") -> 0 | H76: =COUNTIFS('ЕЖЕДНЕВНЫЙ УЧЕТ'!$B:$B,СВОД!$E76,'ЕЖЕДНЕВНЫЙ УЧЕТ'!$Q:$Q,СВОД!H$1) -> 0 | I76: =IFERROR(H76/$H$83,"") -> 0 | K76: =COUNTIFS('ЕЖЕДНЕВНЫЙ УЧЕТ'!$J:$J,$A76,'ЕЖЕДНЕВНЫЙ УЧЕТ'!$C:$C,K$1) -> 0 | L76: =COUNTIFS('ЕЖЕДНЕВНЫЙ УЧЕТ'!$J:$J,$A76,'ЕЖЕДНЕВНЫЙ УЧЕТ'!$C:$C,L$1) -> 0 | M76: =COUNTIFS('ЕЖЕДНЕВНЫЙ УЧЕТ'!$J:$J,$A76,'ЕЖЕДНЕВНЫЙ УЧЕТ'!$C:$C,M$1) -> 0 | N76: =COUNTIFS('ЕЖЕДНЕВНЫЙ УЧЕТ'!$J:$J,$A76,'ЕЖЕДНЕВНЫЙ УЧЕТ'!$C:$C,N$1) -> 0 | O76: =COUNTIFS('ЕЖЕДНЕВНЫЙ УЧЕТ'!$J:$J,$A76,'ЕЖЕДНЕВНЫЙ УЧЕТ'!$C:$C,O$1) -> 0 | P76: =COUNTIFS('ЕЖЕДНЕВНЫЙ УЧЕТ'!$J:$J,$A76,'ЕЖЕДНЕВНЫЙ УЧЕТ'!$C:$C,P$1) -> 0 | Q76: =COUNTIFS('ЕЖЕДНЕВНЫЙ УЧЕТ'!$J:$J,$A76,'ЕЖЕДНЕВНЫЙ УЧЕТ'!$C:$C,Q$1) -> 0 | R76: =COUNTIFS('ЕЖЕДНЕВНЫЙ УЧЕТ'!$J:$J,$A76,'ЕЖЕДНЕВНЫЙ УЧЕТ'!$C:$C,R$1) -> 0 | ... AU76: =COUNTIFS('ЕЖЕДНЕВНЫЙ УЧЕТ'!$J:$J,$A76,'ЕЖЕДНЕВНЫЙ УЧЕТ'!$C:$C,AU$1) -> 0
A77: Начальник склада | B77: =COUNTIF('ЕЖЕДНЕВНЫЙ УЧЕТ'!J:J,СВОД!A77) -> 10 | C77: =IFERROR(B77/$B$121,"") -> 0.00073099415 | E77: Куюмба | F77: =COUNTIFS('ЕЖЕДНЕВНЫЙ УЧЕТ'!$B:$B,СВОД!$E77,'ЕЖЕДНЕВНЫЙ УЧЕТ'!$Q:$Q,СВОД!F$1) -> 0 | G77: =IFERROR(F77/$F$83,"") -> 0 | H77: =COUNTIFS('ЕЖЕДНЕВНЫЙ УЧЕТ'!$B:$B,СВОД!$E77,'ЕЖЕДНЕВНЫЙ УЧЕТ'!$Q:$Q,СВОД!H$1) -> 0 | I77: =IFERROR(H77/$H$83,"") -> 0 | K77: =COUNTIFS('ЕЖЕДНЕВНЫЙ УЧЕТ'!$J:$J,$A77,'ЕЖЕДНЕВНЫЙ УЧЕТ'!$C:$C,K$1) -> 0 | L77: =COUNTIFS('ЕЖЕДНЕВНЫЙ УЧЕТ'!$J:$J,$A77,'ЕЖЕДНЕВНЫЙ УЧЕТ'!$C:$C,L$1) -> 0 | M77: =COUNTIFS('ЕЖЕДНЕВНЫЙ УЧЕТ'!$J:$J,$A77,'ЕЖЕДНЕВНЫЙ УЧЕТ'!$C:$C,M$1) -> 0 | N77: =COUNTIFS('ЕЖЕДНЕВНЫЙ УЧЕТ'!$J:$J,$A77,'ЕЖЕДНЕВНЫЙ УЧЕТ'!$C:$C,N$1) -> 0 | O77: =COUNTIFS('ЕЖЕДНЕВНЫЙ УЧЕТ'!$J:$J,$A77,'ЕЖЕДНЕВНЫЙ УЧЕТ'!$C:$C,O$1) -> 1 | P77: =COUNTIFS('ЕЖЕДНЕВНЫЙ УЧЕТ'!$J:$J,$A77,'ЕЖЕДНЕВНЫЙ УЧЕТ'!$C:$C,P$1) -> 0 | Q77: =COUNTIFS('ЕЖЕДНЕВНЫЙ УЧЕТ'!$J:$J,$A77,'ЕЖЕДНЕВНЫЙ УЧЕТ'!$C:$C,Q$1) -> 1 | R77: =COUNTIFS('ЕЖЕДНЕВНЫЙ УЧЕТ'!$J:$J,$A77,'ЕЖЕДНЕВНЫЙ УЧЕТ'!$C:$C,R$1) -> 0 | ... AU77: =COUNTIFS('ЕЖЕДНЕВНЫЙ УЧЕТ'!$J:$J,$A77,'ЕЖЕДНЕВНЫЙ УЧЕТ'!$C:$C,AU$1) -> 0
A78: Заместитель начальника склада | B78: =COUNTIF('ЕЖЕДНЕВНЫЙ УЧЕТ'!J:J,СВОД!A78) -> 10 | C78: =IFERROR(B78/$B$121,"") -> 0.00073099415 | E78: Сахалинская область | F78: =COUNTIFS('ЕЖЕДНЕВНЫЙ УЧЕТ'!$B:$B,СВОД!$E78,'ЕЖЕДНЕВНЫЙ УЧЕТ'!$Q:$Q,СВОД!F$1) -> 0 | G78: =IFERROR(F78/$F$83,"") -> 0 | H78: =COUNTIFS('ЕЖЕДНЕВНЫЙ УЧЕТ'!$B:$B,СВОД!$E78,'ЕЖЕДНЕВНЫЙ УЧЕТ'!$Q:$Q,СВОД!H$1) -> 0 | I78: =IFERROR(H78/$H$83,"") -> 0 | K78: =COUNTIFS('ЕЖЕДНЕВНЫЙ УЧЕТ'!$J:$J,$A78,'ЕЖЕДНЕВНЫЙ УЧЕТ'!$C:$C,K$1) -> 0 | L78: =COUNTIFS('ЕЖЕДНЕВНЫЙ УЧЕТ'!$J:$J,$A78,'ЕЖЕДНЕВНЫЙ УЧЕТ'!$C:$C,L$1) -> 0 | M78: =COUNTIFS('ЕЖЕДНЕВНЫЙ УЧЕТ'!$J:$J,$A78,'ЕЖЕДНЕВНЫЙ УЧЕТ'!$C:$C,M$1) -> 0 | N78: =COUNTIFS('ЕЖЕДНЕВНЫЙ УЧЕТ'!$J:$J,$A78,'ЕЖЕДНЕВНЫЙ УЧЕТ'!$C:$C,N$1) -> 0 | O78: =COUNTIFS('ЕЖЕДНЕВНЫЙ УЧЕТ'!$J:$J,$A78,'ЕЖЕДНЕВНЫЙ УЧЕТ'!$C:$C,O$1) -> 1 | P78: =COUNTIFS('ЕЖЕДНЕВНЫЙ УЧЕТ'!$J:$J,$A78,'ЕЖЕДНЕВНЫЙ УЧЕТ'!$C:$C,P$1) -> 0 | Q78: =COUNTIFS('ЕЖЕДНЕВНЫЙ УЧЕТ'!$J:$J,$A78,'ЕЖЕДНЕВНЫЙ УЧЕТ'!$C:$C,Q$1) -> 0 | R78: =COUNTIFS('ЕЖЕДНЕВНЫЙ УЧЕТ'!$J:$J,$A78,'ЕЖЕДНЕВНЫЙ УЧЕТ'!$C:$C,R$1) -> 1 | ... AU78: =COUNTIFS('ЕЖЕДНЕВНЫЙ УЧЕТ'!$J:$J,$A78,'ЕЖЕДНЕВНЫЙ УЧЕТ'!$C:$C,AU$1) -> 0
... A82: Производитель работ | B82: =COUNTIF('ЕЖЕДНЕВНЫЙ УЧЕТ'!J:J,СВОД!A82) -> 374 | C82: =IFERROR(B82/$B$121,"") -> 0.027339181 | E82: Карелия | F82: =COUNTIFS('ЕЖЕДНЕВНЫЙ УЧЕТ'!$B:$B,СВОД!$E82,'ЕЖЕДНЕВНЫЙ УЧЕТ'!$Q:$Q,СВОД!F$1) -> 34 | G82: =IFERROR(F82/$F$83,"") -> 0.016090866 | H82: =COUNTIFS('ЕЖЕДНЕВНЫЙ УЧЕТ'!$B:$B,СВОД!$E82,'ЕЖЕДНЕВНЫЙ УЧЕТ'!$Q:$Q,СВОД!H$1) -> 209 | I82: =IFERROR(H82/$H$83,"") -> 0.018068644 | K82: =COUNTIFS('ЕЖЕДНЕВНЫЙ УЧЕТ'!$J:$J,$A82,'ЕЖЕДНЕВНЫЙ УЧЕТ'!$C:$C,K$1) -> 0 | L82: =COUNTIFS('ЕЖЕДНЕВНЫЙ УЧЕТ'!$J:$J,$A82,'ЕЖЕДНЕВНЫЙ УЧЕТ'!$C:$C,L$1) -> 1 | M82: =COUNTIFS('ЕЖЕДНЕВНЫЙ УЧЕТ'!$J:$J,$A82,'ЕЖЕДНЕВНЫЙ УЧЕТ'!$C:$C,M$1) -> 1 | N82: =COUNTIFS('ЕЖЕДНЕВНЫЙ УЧЕТ'!$J:$J,$A82,'ЕЖЕДНЕВНЫЙ УЧЕТ'!$C:$C,N$1) -> 7 | O82: =COUNTIFS('ЕЖЕДНЕВНЫЙ УЧЕТ'!$J:$J,$A82,'ЕЖЕДНЕВНЫЙ УЧЕТ'!$C:$C,O$1) -> 37 | P82: =COUNTIFS('ЕЖЕДНЕВНЫЙ УЧЕТ'!$J:$J,$A82,'ЕЖЕДНЕВНЫЙ УЧЕТ'!$C:$C,P$1) -> 0 | Q82: =COUNTIFS('ЕЖЕДНЕВНЫЙ УЧЕТ'!$J:$J,$A82,'ЕЖЕДНЕВНЫЙ УЧЕТ'!$C:$C,Q$1) -> 5 | R82: =COUNTIFS('ЕЖЕДНЕВНЫЙ УЧЕТ'!$J:$J,$A82,'ЕЖЕДНЕВНЫЙ УЧЕТ'!$C:$C,R$1) -> 3 | ... AU82: =COUNTIFS('ЕЖЕДНЕВНЫЙ УЧЕТ'!$J:$J,$A82,'ЕЖЕДНЕВНЫЙ УЧЕТ'!$C:$C,AU$1) -> 1
A83: Мастер | B83: =COUNTIF('ЕЖЕДНЕВНЫЙ УЧЕТ'!J:J,СВОД!A83) -> 311 | C83: =IFERROR(B83/$B$121,"") -> 0.022733918 | F83: =SUM(F67:F82) -> 2113 | H83: =SUM(H67:H82) -> 11567 | I83: =SUM(F83,H83)='ЕЖЕДНЕВНЫЙ УЧЕТ'!G2 -> TRUE | K83: =COUNTIFS('ЕЖЕДНЕВНЫЙ УЧЕТ'!$J:$J,$A83,'ЕЖЕДНЕВНЫЙ УЧЕТ'!$C:$C,K$1) -> 0 | L83: =COUNTIFS('ЕЖЕДНЕВНЫЙ УЧЕТ'!$J:$J,$A83,'ЕЖЕДНЕВНЫЙ УЧЕТ'!$C:$C,L$1) -> 0 | M83: =COUNTIFS('ЕЖЕДНЕВНЫЙ УЧЕТ'!$J:$J,$A83,'ЕЖЕДНЕВНЫЙ УЧЕТ'!$C:$C,M$1) -> 0 | N83: =COUNTIFS('ЕЖЕДНЕВНЫЙ УЧЕТ'!$J:$J,$A83,'ЕЖЕДНЕВНЫЙ УЧЕТ'!$C:$C,N$1) -> 2 | O83: =COUNTIFS('ЕЖЕДНЕВНЫЙ УЧЕТ'!$J:$J,$A83,'ЕЖЕДНЕВНЫЙ УЧЕТ'!$C:$C,O$1) -> 55 | P83: =COUNTIFS('ЕЖЕДНЕВНЫЙ УЧЕТ'!$J:$J,$A83,'ЕЖЕДНЕВНЫЙ УЧЕТ'!$C:$C,P$1) -> 0 | Q83: =COUNTIFS('ЕЖЕДНЕВНЫЙ УЧЕТ'!$J:$J,$A83,'ЕЖЕДНЕВНЫЙ УЧЕТ'!$C:$C,Q$1) -> 2 | R83: =COUNTIFS('ЕЖЕДНЕВНЫЙ УЧЕТ'!$J:$J,$A83,'ЕЖЕДНЕВНЫЙ УЧЕТ'!$C:$C,R$1) -> 4 | ... AU83: =COUNTIFS('ЕЖЕДНЕВНЫЙ УЧЕТ'!$J:$J,$A83,'ЕЖЕДНЕВНЫЙ УЧЕТ'!$C:$C,AU$1) -> 0
A84: Механик | B84: =COUNTIF('ЕЖЕДНЕВНЫЙ УЧЕТ'!J:J,СВОД!A84) -> 0 | C84: =IFERROR(B84/$B$121,"") -> 0 | K84: =COUNTIFS('ЕЖЕДНЕВНЫЙ УЧЕТ'!$J:$J,$A84,'ЕЖЕДНЕВНЫЙ УЧЕТ'!$C:$C,K$1) -> 0 | L84: =COUNTIFS('ЕЖЕДНЕВНЫЙ УЧЕТ'!$J:$J,$A84,'ЕЖЕДНЕВНЫЙ УЧЕТ'!$C:$C,L$1) -> 0 | M84: =COUNTIFS('ЕЖЕДНЕВНЫЙ УЧЕТ'!$J:$J,$A84,'ЕЖЕДНЕВНЫЙ УЧЕТ'!$C:$C,M$1) -> 0 | N84: =COUNTIFS('ЕЖЕДНЕВНЫЙ УЧЕТ'!$J:$J,$A84,'ЕЖЕДНЕВНЫЙ УЧЕТ'!$C:$C,N$1) -> 0 | O84: =COUNTIFS('ЕЖЕДНЕВНЫЙ УЧЕТ'!$J:$J,$A84,'ЕЖЕДНЕВНЫЙ УЧЕТ'!$C:$C,O$1) -> 0 | P84: =COUNTIFS('ЕЖЕДНЕВНЫЙ УЧЕТ'!$J:$J,$A84,'ЕЖЕДНЕВНЫЙ УЧЕТ'!$C:$C,P$1) -> 0 | Q84: =COUNTIFS('ЕЖЕДНЕВНЫЙ УЧЕТ'!$J:$J,$A84,'ЕЖЕДНЕВНЫЙ УЧЕТ'!$C:$C,Q$1) -> 0 | R84: =COUNTIFS('ЕЖЕДНЕВНЫЙ УЧЕТ'!$J:$J,$A84,'ЕЖЕДНЕВНЫЙ УЧЕТ'!$C:$C,R$1) -> 0 | ... AU84: =COUNTIFS('ЕЖЕДНЕВНЫЙ УЧЕТ'!$J:$J,$A84,'ЕЖЕДНЕВНЫЙ УЧЕТ'!$C:$C,AU$1) -> 0
A85: Арматурщик | B85: =COUNTIF('ЕЖЕДНЕВНЫЙ УЧЕТ'!J:J,СВОД!A85) -> 1560 | C85: =IFERROR(B85/$B$121,"") -> 0.11403509 | K85: =COUNTIFS('ЕЖЕДНЕВНЫЙ УЧЕТ'!$J:$J,$A85,'ЕЖЕДНЕВНЫЙ УЧЕТ'!$C:$C,K$1) -> 0 | L85: =COUNTIFS('ЕЖЕДНЕВНЫЙ УЧЕТ'!$J:$J,$A85,'ЕЖЕДНЕВНЫЙ УЧЕТ'!$C:$C,L$1) -> 0 | M85: =COUNTIFS('ЕЖЕДНЕВНЫЙ УЧЕТ'!$J:$J,$A85,'ЕЖЕДНЕВНЫЙ УЧЕТ'!$C:$C,M$1) -> 3 | N85: =COUNTIFS('ЕЖЕДНЕВНЫЙ УЧЕТ'!$J:$J,$A85,'ЕЖЕДНЕВНЫЙ УЧЕТ'!$C:$C,N$1) -> 0 | O85: =COUNTIFS('ЕЖЕДНЕВНЫЙ УЧЕТ'!$J:$J,$A85,'ЕЖЕДНЕВНЫЙ УЧЕТ'!$C:$C,O$1) -> 122 | P85: =COUNTIFS('ЕЖЕДНЕВНЫЙ УЧЕТ'!$J:$J,$A85,'ЕЖЕДНЕВНЫЙ УЧЕТ'!$C:$C,P$1) -> 0 | Q85: =COUNTIFS('ЕЖЕДНЕВНЫЙ УЧЕТ'!$J:$J,$A85,'ЕЖЕДНЕВНЫЙ УЧЕТ'!$C:$C,Q$1) -> 2 | R85: =COUNTIFS('ЕЖЕДНЕВНЫЙ УЧЕТ'!$J:$J,$A85,'ЕЖЕДНЕВНЫЙ УЧЕТ'!$C:$C,R$1) -> 0 | ... AU85: =COUNTIFS('ЕЖЕДНЕВНЫЙ УЧЕТ'!$J:$J,$A85,'ЕЖЕДНЕВНЫЙ УЧЕТ'!$C:$C,AU$1) -> 9
A86: Бетонщик | B86: =COUNTIF('ЕЖЕДНЕВНЫЙ УЧЕТ'!J:J,СВОД!A86) -> 221 | C86: =IFERROR(B86/$B$121,"") -> 0.016154971 | K86: =COUNTIFS('ЕЖЕДНЕВНЫЙ УЧЕТ'!$J:$J,$A86,'ЕЖЕДНЕВНЫЙ УЧЕТ'!$C:$C,K$1) -> 2 | L86: =COUNTIFS('ЕЖЕДНЕВНЫЙ УЧЕТ'!$J:$J,$A86,'ЕЖЕДНЕВНЫЙ УЧЕТ'!$C:$C,L$1) -> 0 | M86: =COUNTIFS('ЕЖЕДНЕВНЫЙ УЧЕТ'!$J:$J,$A86,'ЕЖЕДНЕВНЫЙ УЧЕТ'!$C:$C,M$1) -> 2 | N86: =COUNTIFS('ЕЖЕДНЕВНЫЙ УЧЕТ'!$J:$J,$A86,'ЕЖЕДНЕВНЫЙ УЧЕТ'!$C:$C,N$1) -> 2 | O86: =COUNTIFS('ЕЖЕДНЕВНЫЙ УЧЕТ'!$J:$J,$A86,'ЕЖЕДНЕВНЫЙ УЧЕТ'!$C:$C,O$1) -> 11 | P86: =COUNTIFS('ЕЖЕДНЕВНЫЙ УЧЕТ'!$J:$J,$A86,'ЕЖЕДНЕВНЫЙ УЧЕТ'!$C:$C,P$1) -> 0 | Q86: =COUNTIFS('ЕЖЕДНЕВНЫЙ УЧЕТ'!$J:$J,$A86,'ЕЖЕДНЕВНЫЙ УЧЕТ'!$C:$C,Q$1) -> 9 | R86: =COUNTIFS('ЕЖЕДНЕВНЫЙ УЧЕТ'!$J:$J,$A86,'ЕЖЕДНЕВНЫЙ УЧЕТ'!$C:$C,R$1) -> 0 | ... AU86: =COUNTIFS('ЕЖЕДНЕВНЫЙ УЧЕТ'!$J:$J,$A86,'ЕЖЕДНЕВНЫЙ УЧЕТ'!$C:$C,AU$1) -> 0
A87: Изолировщик на гидроизоляции | B87: =COUNTIF('ЕЖЕДНЕВНЫЙ УЧЕТ'!J:J,СВОД!A87) -> 24 | C87: =IFERROR(B87/$B$121,"") -> 0.001754386 | K87: =COUNTIFS('ЕЖЕДНЕВНЫЙ УЧЕТ'!$J:$J,$A87,'ЕЖЕДНЕВНЫЙ УЧЕТ'!$C:$C,K$1) -> 0 | L87: =COUNTIFS('ЕЖЕДНЕВНЫЙ УЧЕТ'!$J:$J,$A87,'ЕЖЕДНЕВНЫЙ УЧЕТ'!$C:$C,L$1) -> 0 | M87: =COUNTIFS('ЕЖЕДНЕВНЫЙ УЧЕТ'!$J:$J,$A87,'ЕЖЕДНЕВНЫЙ УЧЕТ'!$C:$C,M$1) -> 0 | N87: =COUNTIFS('ЕЖЕДНЕВНЫЙ УЧЕТ'!$J:$J,$A87,'ЕЖЕДНЕВНЫЙ УЧЕТ'!$C:$C,N$1) -> 0 | O87: =COUNTIFS('ЕЖЕДНЕВНЫЙ УЧЕТ'!$J:$J,$A87,'ЕЖЕДНЕВНЫЙ УЧЕТ'!$C:$C,O$1) -> 0 | P87: =COUNTIFS('ЕЖЕДНЕВНЫЙ УЧЕТ'!$J:$J,$A87,'ЕЖЕДНЕВНЫЙ УЧЕТ'!$C:$C,P$1) -> 0 | Q87: =COUNTIFS('ЕЖЕДНЕВНЫЙ УЧЕТ'!$J:$J,$A87,'ЕЖЕДНЕВНЫЙ УЧЕТ'!$C:$C,Q$1) -> 0 | R87: =COUNTIFS('ЕЖЕДНЕВНЫЙ УЧЕТ'!$J:$J,$A87,'ЕЖЕДНЕВНЫЙ УЧЕТ'!$C:$C,R$1) -> 0 | ... AU87: =COUNTIFS('ЕЖЕДНЕВНЫЙ УЧЕТ'!$J:$J,$A87,'ЕЖЕДНЕВНЫЙ УЧЕТ'!$C:$C,AU$1) -> 0
A88: Монтажник по монтажу стальных и железобетонных конструкций | B88: =COUNTIF('ЕЖЕДНЕВНЫЙ УЧЕТ'!J:J,СВОД!A88) -> 1021 | C88: =IFERROR(B88/$B$121,"") -> 0.074634503 | K88: =COUNTIFS('ЕЖЕДНЕВНЫЙ УЧЕТ'!$J:$J,$A88,'ЕЖЕДНЕВНЫЙ УЧЕТ'!$C:$C,K$1) -> 0 | L88: =COUNTIFS('ЕЖЕДНЕВНЫЙ УЧЕТ'!$J:$J,$A88,'ЕЖЕДНЕВНЫЙ УЧЕТ'!$C:$C,L$1) -> 5 | M88: =COUNTIFS('ЕЖЕДНЕВНЫЙ УЧЕТ'!$J:$J,$A88,'ЕЖЕДНЕВНЫЙ УЧЕТ'!$C:$C,M$1) -> 1 | N88: =COUNTIFS('ЕЖЕДНЕВНЫЙ УЧЕТ'!$J:$J,$A88,'ЕЖЕДНЕВНЫЙ УЧЕТ'!$C:$C,N$1) -> 7 | O88: =COUNTIFS('ЕЖЕДНЕВНЫЙ УЧЕТ'!$J:$J,$A88,'ЕЖЕДНЕВНЫЙ УЧЕТ'!$C:$C,O$1) -> 116 | P88: =COUNTIFS('ЕЖЕДНЕВНЫЙ УЧЕТ'!$J:$J,$A88,'ЕЖЕДНЕВНЫЙ УЧЕТ'!$C:$C,P$1) -> 0 | Q88: =COUNTIFS('ЕЖЕДНЕВНЫЙ УЧЕТ'!$J:$J,$A88,'ЕЖЕДНЕВНЫЙ УЧЕТ'!$C:$C,Q$1) -> 47 | R88: =COUNTIFS('ЕЖЕДНЕВНЫЙ УЧЕТ'!$J:$J,$A88,'ЕЖЕДНЕВНЫЙ УЧЕТ'!$C:$C,R$1) -> 0 | ... AU88: =COUNTIFS('ЕЖЕДНЕВНЫЙ УЧЕТ'!$J:$J,$A88,'ЕЖЕДНЕВНЫЙ УЧЕТ'!$C:$C,AU$1) -> 6
A89: Плотник | B89: =COUNTIF('ЕЖЕДНЕВНЫЙ УЧЕТ'!J:J,СВОД!A89) -> 1081 | C89: =IFERROR(B89/$B$121,"") -> 0.079020468 | K89: =COUNTIFS('ЕЖЕДНЕВНЫЙ УЧЕТ'!$J:$J,$A89,'ЕЖЕДНЕВНЫЙ УЧЕТ'!$C:$C,K$1) -> 2 | L89: =COUNTIFS('ЕЖЕДНЕВНЫЙ УЧЕТ'!$J:$J,$A89,'ЕЖЕДНЕВНЫЙ УЧЕТ'!$C:$C,L$1) -> 0 | M89: =COUNTIFS('ЕЖЕДНЕВНЫЙ УЧЕТ'!$J:$J,$A89,'ЕЖЕДНЕВНЫЙ УЧЕТ'!$C:$C,M$1) -> 1 | N89: =COUNTIFS('ЕЖЕДНЕВНЫЙ УЧЕТ'!$J:$J,$A89,'ЕЖЕДНЕВНЫЙ УЧЕТ'!$C:$C,N$1) -> 0 | O89: =COUNTIFS('ЕЖЕДНЕВНЫЙ УЧЕТ'!$J:$J,$A89,'ЕЖЕДНЕВНЫЙ УЧЕТ'!$C:$C,O$1) -> 22 | P89: =COUNTIFS('ЕЖЕДНЕВНЫЙ УЧЕТ'!$J:$J,$A89,'ЕЖЕДНЕВНЫЙ УЧЕТ'!$C:$C,P$1) -> 0 | Q89: =COUNTIFS('ЕЖЕДНЕВНЫЙ УЧЕТ'!$J:$J,$A89,'ЕЖЕДНЕВНЫЙ УЧЕТ'!$C:$C,Q$1) -> 4 | R89: =COUNTIFS('ЕЖЕДНЕВНЫЙ УЧЕТ'!$J:$J,$A89,'ЕЖЕДНЕВНЫЙ УЧЕТ'!$C:$C,R$1) -> 0 | ... AU89: =COUNTIFS('ЕЖЕДНЕВНЫЙ УЧЕТ'!$J:$J,$A89,'ЕЖЕДНЕВНЫЙ УЧЕТ'!$C:$C,AU$1) -> 2
A90: Подсобный рабочий | B90: =COUNTIF('ЕЖЕДНЕВНЫЙ УЧЕТ'!J:J,СВОД!A90) -> 383 | C90: =IFERROR(B90/$B$121,"") -> 0.027997076 | K90: =COUNTIFS('ЕЖЕДНЕВНЫЙ УЧЕТ'!$J:$J,$A90,'ЕЖЕДНЕВНЫЙ УЧЕТ'!$C:$C,K$1) -> 0 | L90: =COUNTIFS('ЕЖЕДНЕВНЫЙ УЧЕТ'!$J:$J,$A90,'ЕЖЕДНЕВНЫЙ УЧЕТ'!$C:$C,L$1) -> 0 | M90: =COUNTIFS('ЕЖЕДНЕВНЫЙ УЧЕТ'!$J:$J,$A90,'ЕЖЕДНЕВНЫЙ УЧЕТ'!$C:$C,M$1) -> 0 | N90: =COUNTIFS('ЕЖЕДНЕВНЫЙ УЧЕТ'!$J:$J,$A90,'ЕЖЕДНЕВНЫЙ УЧЕТ'!$C:$C,N$1) -> 0 | O90: =COUNTIFS('ЕЖЕДНЕВНЫЙ УЧЕТ'!$J:$J,$A90,'ЕЖЕДНЕВНЫЙ УЧЕТ'!$C:$C,O$1) -> 5 | P90: =COUNTIFS('ЕЖЕДНЕВНЫЙ УЧЕТ'!$J:$J,$A90,'ЕЖЕДНЕВНЫЙ УЧЕТ'!$C:$C,P$1) -> 0 | Q90: =COUNTIFS('ЕЖЕДНЕВНЫЙ УЧЕТ'!$J:$J,$A90,'ЕЖЕДНЕВНЫЙ УЧЕТ'!$C:$C,Q$1) -> 2 | R90: =COUNTIFS('ЕЖЕДНЕВНЫЙ УЧЕТ'!$J:$J,$A90,'ЕЖЕДНЕВНЫЙ УЧЕТ'!$C:$C,R$1) -> 3 | ... AU90: =COUNTIFS('ЕЖЕДНЕВНЫЙ УЧЕТ'!$J:$J,$A90,'ЕЖЕДНЕВНЫЙ УЧЕТ'!$C:$C,AU$1) -> 0
A91: Стропальщик | B91: =COUNTIF('ЕЖЕДНЕВНЫЙ УЧЕТ'!J:J,СВОД!A91) -> 25 | C91: =IFERROR(B91/$B$121,"") -> 0.0018274854 | K91: =COUNTIFS('ЕЖЕДНЕВНЫЙ УЧЕТ'!$J:$J,$A91,'ЕЖЕДНЕВНЫЙ УЧЕТ'!$C:$C,K$1) -> 0 | L91: =COUNTIFS('ЕЖЕДНЕВНЫЙ УЧЕТ'!$J:$J,$A91,'ЕЖЕДНЕВНЫЙ УЧЕТ'!$C:$C,L$1) -> 0 | M91: =COUNTIFS('ЕЖЕДНЕВНЫЙ УЧЕТ'!$J:$J,$A91,'ЕЖЕДНЕВНЫЙ УЧЕТ'!$C:$C,M$1) -> 0 | N91: =COUNTIFS('ЕЖЕДНЕВНЫЙ УЧЕТ'!$J:$J,$A91,'ЕЖЕДНЕВНЫЙ УЧЕТ'!$C:$C,N$1) -> 0 | O91: =COUNTIFS('ЕЖЕДНЕВНЫЙ УЧЕТ'!$J:$J,$A91,'ЕЖЕДНЕВНЫЙ УЧЕТ'!$C:$C,O$1) -> 1 | P91: =COUNTIFS('ЕЖЕДНЕВНЫЙ УЧЕТ'!$J:$J,$A91,'ЕЖЕДНЕВНЫЙ УЧЕТ'!$C:$C,P$1) -> 0 | Q91: =COUNTIFS('ЕЖЕДНЕВНЫЙ УЧЕТ'!$J:$J,$A91,'ЕЖЕДНЕВНЫЙ УЧЕТ'!$C:$C,Q$1) -> 2 | R91: =COUNTIFS('ЕЖЕДНЕВНЫЙ УЧЕТ'!$J:$J,$A91,'ЕЖЕДНЕВНЫЙ УЧЕТ'!$C:$C,R$1) -> 0 | ... AU91: =COUNTIFS('ЕЖЕДНЕВНЫЙ УЧЕТ'!$J:$J,$A91,'ЕЖЕДНЕВНЫЙ УЧЕТ'!$C:$C,AU$1) -> 0
A92: Электрогазосварщик | B92: =COUNTIF('ЕЖЕДНЕВНЫЙ УЧЕТ'!J:J,СВОД!A92) -> 281 | C92: =IFERROR(B92/$B$121,"") -> 0.020540936 | K92: =COUNTIFS('ЕЖЕДНЕВНЫЙ УЧЕТ'!$J:$J,$A92,'ЕЖЕДНЕВНЫЙ УЧЕТ'!$C:$C,K$1) -> 0 | L92: =COUNTIFS('ЕЖЕДНЕВНЫЙ УЧЕТ'!$J:$J,$A92,'ЕЖЕДНЕВНЫЙ УЧЕТ'!$C:$C,L$1) -> 0 | M92: =COUNTIFS('ЕЖЕДНЕВНЫЙ УЧЕТ'!$J:$J,$A92,'ЕЖЕДНЕВНЫЙ УЧЕТ'!$C:$C,M$1) -> 0 | N92: =COUNTIFS('ЕЖЕДНЕВНЫЙ УЧЕТ'!$J:$J,$A92,'ЕЖЕДНЕВНЫЙ УЧЕТ'!$C:$C,N$1) -> 0 | O92: =COUNTIFS('ЕЖЕДНЕВНЫЙ УЧЕТ'!$J:$J,$A92,'ЕЖЕДНЕВНЫЙ УЧЕТ'!$C:$C,O$1) -> 4 | P92: =COUNTIFS('ЕЖЕДНЕВНЫЙ УЧЕТ'!$J:$J,$A92,'ЕЖЕДНЕВНЫЙ УЧЕТ'!$C:$C,P$1) -> 0 | Q92: =COUNTIFS('ЕЖЕДНЕВНЫЙ УЧЕТ'!$J:$J,$A92,'ЕЖЕДНЕВНЫЙ УЧЕТ'!$C:$C,Q$1) -> 3 | R92: =COUNTIFS('ЕЖЕДНЕВНЫЙ УЧЕТ'!$J:$J,$A92,'ЕЖЕДНЕВНЫЙ УЧЕТ'!$C:$C,R$1) -> 0 | ... AU92: =COUNTIFS('ЕЖЕДНЕВНЫЙ УЧЕТ'!$J:$J,$A92,'ЕЖЕДНЕВНЫЙ УЧЕТ'!$C:$C,AU$1) -> 1
A93: Электросварщик ручной сварки | B93: =COUNTIF('ЕЖЕДНЕВНЫЙ УЧЕТ'!J:J,СВОД!A93) -> 46 | C93: =IFERROR(B93/$B$121,"") -> 0.0033625731 | K93: =COUNTIFS('ЕЖЕДНЕВНЫЙ УЧЕТ'!$J:$J,$A93,'ЕЖЕДНЕВНЫЙ УЧЕТ'!$C:$C,K$1) -> 0 | L93: =COUNTIFS('ЕЖЕДНЕВНЫЙ УЧЕТ'!$J:$J,$A93,'ЕЖЕДНЕВНЫЙ УЧЕТ'!$C:$C,L$1) -> 0 | M93: =COUNTIFS('ЕЖЕДНЕВНЫЙ УЧЕТ'!$J:$J,$A93,'ЕЖЕДНЕВНЫЙ УЧЕТ'!$C:$C,M$1) -> 0 | N93: =COUNTIFS('ЕЖЕДНЕВНЫЙ УЧЕТ'!$J:$J,$A93,'ЕЖЕДНЕВНЫЙ УЧЕТ'!$C:$C,N$1) -> 2 | O93: =COUNTIFS('ЕЖЕДНЕВНЫЙ УЧЕТ'!$J:$J,$A93,'ЕЖЕДНЕВНЫЙ УЧЕТ'!$C:$C,O$1) -> 1 | P93: =COUNTIFS('ЕЖЕДНЕВНЫЙ УЧЕТ'!$J:$J,$A93,'ЕЖЕДНЕВНЫЙ УЧЕТ'!$C:$C,P$1) -> 0 | Q93: =COUNTIFS('ЕЖЕДНЕВНЫЙ УЧЕТ'!$J:$J,$A93,'ЕЖЕДНЕВНЫЙ УЧЕТ'!$C:$C,Q$1) -> 0 | R93: =COUNTIFS('ЕЖЕДНЕВНЫЙ УЧЕТ'!$J:$J,$A93,'ЕЖЕДНЕВНЫЙ УЧЕТ'!$C:$C,R$1) -> 0 | ... AU93: =COUNTIFS('ЕЖЕДНЕВНЫЙ УЧЕТ'!$J:$J,$A93,'ЕЖЕДНЕВНЫЙ УЧЕТ'!$C:$C,AU$1) -> 0
A94: Маляр | B94: =COUNTIF('ЕЖЕДНЕВНЫЙ УЧЕТ'!J:J,СВОД!A94) -> 734 | C94: =IFERROR(B94/$B$121,"") -> 0.053654971 | K94: =COUNTIFS('ЕЖЕДНЕВНЫЙ УЧЕТ'!$J:$J,$A94,'ЕЖЕДНЕВНЫЙ УЧЕТ'!$C:$C,K$1) -> 0 | L94: =COUNTIFS('ЕЖЕДНЕВНЫЙ УЧЕТ'!$J:$J,$A94,'ЕЖЕДНЕВНЫЙ УЧЕТ'!$C:$C,L$1) -> 0 | M94: =COUNTIFS('ЕЖЕДНЕВНЫЙ УЧЕТ'!$J:$J,$A94,'ЕЖЕДНЕВНЫЙ УЧЕТ'!$C:$C,M$1) -> 6 | N94: =COUNTIFS('ЕЖЕДНЕВНЫЙ УЧЕТ'!$J:$J,$A94,'ЕЖЕДНЕВНЫЙ УЧЕТ'!$C:$C,N$1) -> 6 | O94: =COUNTIFS('ЕЖЕДНЕВНЫЙ УЧЕТ'!$J:$J,$A94,'ЕЖЕДНЕВНЫЙ УЧЕТ'!$C:$C,O$1) -> 71 | P94: =COUNTIFS('ЕЖЕДНЕВНЫЙ УЧЕТ'!$J:$J,$A94,'ЕЖЕДНЕВНЫЙ УЧЕТ'!$C:$C,P$1) -> 0 | Q94: =COUNTIFS('ЕЖЕДНЕВНЫЙ УЧЕТ'!$J:$J,$A94,'ЕЖЕДНЕВНЫЙ УЧЕТ'!$C:$C,Q$1) -> 18 | R94: =COUNTIFS('ЕЖЕДНЕВНЫЙ УЧЕТ'!$J:$J,$A94,'ЕЖЕДНЕВНЫЙ УЧЕТ'!$C:$C,R$1) -> 3 | ... AU94: =COUNTIFS('ЕЖЕДНЕВНЫЙ УЧЕТ'!$J:$J,$A94,'ЕЖЕДНЕВНЫЙ УЧЕТ'!$C:$C,AU$1) -> 0
A95: Каменщик | B95: =COUNTIF('ЕЖЕДНЕВНЫЙ УЧЕТ'!J:J,СВОД!A95) -> 264 | C95: =IFERROR(B95/$B$121,"") -> 0.019298246 | K95: =COUNTIFS('ЕЖЕДНЕВНЫЙ УЧЕТ'!$J:$J,$A95,'ЕЖЕДНЕВНЫЙ УЧЕТ'!$C:$C,K$1) -> 1 | L95: =COUNTIFS('ЕЖЕДНЕВНЫЙ УЧЕТ'!$J:$J,$A95,'ЕЖЕДНЕВНЫЙ УЧЕТ'!$C:$C,L$1) -> 0 | M95: =COUNTIFS('ЕЖЕДНЕВНЫЙ УЧЕТ'!$J:$J,$A95,'ЕЖЕДНЕВНЫЙ УЧЕТ'!$C:$C,M$1) -> 0 | N95: =COUNTIFS('ЕЖЕДНЕВНЫЙ УЧЕТ'!$J:$J,$A95,'ЕЖЕДНЕВНЫЙ УЧЕТ'!$C:$C,N$1) -> 0 | O95: =COUNTIFS('ЕЖЕДНЕВНЫЙ УЧЕТ'!$J:$J,$A95,'ЕЖЕДНЕВНЫЙ УЧЕТ'!$C:$C,O$1) -> 1 | P95: =COUNTIFS('ЕЖЕДНЕВНЫЙ УЧЕТ'!$J:$J,$A95,'ЕЖЕДНЕВНЫЙ УЧЕТ'!$C:$C,P$1) -> 0 | Q95: =COUNTIFS('ЕЖЕДНЕВНЫЙ УЧЕТ'!$J:$J,$A95,'ЕЖЕДНЕВНЫЙ УЧЕТ'!$C:$C,Q$1) -> 1 | R95: =COUNTIFS('ЕЖЕДНЕВНЫЙ УЧЕТ'!$J:$J,$A95,'ЕЖЕДНЕВНЫЙ УЧЕТ'!$C:$C,R$1) -> 0 | ... AU95: =COUNTIFS('ЕЖЕДНЕВНЫЙ УЧЕТ'!$J:$J,$A95,'ЕЖЕДНЕВНЫЙ УЧЕТ'!$C:$C,AU$1) -> 1
... A107: Изолировщик на термоизоляции | B107: =COUNTIF('ЕЖЕДНЕВНЫЙ УЧЕТ'!J:J,СВОД!A107) -> 532 | C107: =IFERROR(B107/$B$121,"") -> 0.038888889 | K107: =COUNTIFS('ЕЖЕДНЕВНЫЙ УЧЕТ'!$J:$J,$A107,'ЕЖЕДНЕВНЫЙ УЧЕТ'!$C:$C,K$1) -> 0 | L107: =COUNTIFS('ЕЖЕДНЕВНЫЙ УЧЕТ'!$J:$J,$A107,'ЕЖЕДНЕВНЫЙ УЧЕТ'!$C:$C,L$1) -> 0 | M107: =COUNTIFS('ЕЖЕДНЕВНЫЙ УЧЕТ'!$J:$J,$A107,'ЕЖЕДНЕВНЫЙ УЧЕТ'!$C:$C,M$1) -> 0 | N107: =COUNTIFS('ЕЖЕДНЕВНЫЙ УЧЕТ'!$J:$J,$A107,'ЕЖЕДНЕВНЫЙ УЧЕТ'!$C:$C,N$1) -> 29 | O107: =COUNTIFS('ЕЖЕДНЕВНЫЙ УЧЕТ'!$J:$J,$A107,'ЕЖЕДНЕВНЫЙ УЧЕТ'!$C:$C,O$1) -> 218 | P107: =COUNTIFS('ЕЖЕДНЕВНЫЙ УЧЕТ'!$J:$J,$A107,'ЕЖЕДНЕВНЫЙ УЧЕТ'!$C:$C,P$1) -> 0 | Q107: =COUNTIFS('ЕЖЕДНЕВНЫЙ УЧЕТ'!$J:$J,$A107,'ЕЖЕДНЕВНЫЙ УЧЕТ'!$C:$C,Q$1) -> 7 | R107: =COUNTIFS('ЕЖЕДНЕВНЫЙ УЧЕТ'!$J:$J,$A107,'ЕЖЕДНЕВНЫЙ УЧЕТ'!$C:$C,R$1) -> 0 | ... AU107: =COUNTIFS('ЕЖЕДНЕВНЫЙ УЧЕТ'!$J:$J,$A107,'ЕЖЕДНЕВНЫЙ УЧЕТ'!$C:$C,AU$1) -> 0
A108: Инженер отдела главного инженера | B108: =COUNTIF('ЕЖЕДНЕВНЫЙ УЧЕТ'!J:J,СВОД!A108) -> 0 | C108: =IFERROR(B108/$B$121,"") -> 0
A109: Заместитель главного инженера | B109: =COUNTIF('ЕЖЕДНЕВНЫЙ УЧЕТ'!J:J,СВОД!A109) -> 0 | C109: =IFERROR(B109/$B$121,"") -> 0
A110: Монтажник строительных лесов и подмостей | B110: =COUNTIF('ЕЖЕДНЕВНЫЙ УЧЕТ'!J:J,СВОД!A110) -> 1660 | C110: =IFERROR(B110/$B$121,"") -> 0.12134503 | K110: =COUNTIFS('ЕЖЕДНЕВНЫЙ УЧЕТ'!$J:$J,$A110,'ЕЖЕДНЕВНЫЙ УЧЕТ'!$C:$C,K$1) -> 0 | L110: =COUNTIFS('ЕЖЕДНЕВНЫЙ УЧЕТ'!$J:$J,$A110,'ЕЖЕДНЕВНЫЙ УЧЕТ'!$C:$C,L$1) -> 0 | M110: =COUNTIFS('ЕЖЕДНЕВНЫЙ УЧЕТ'!$J:$J,$A110,'ЕЖЕДНЕВНЫЙ УЧЕТ'!$C:$C,M$1) -> 0 | N110: =COUNTIFS('ЕЖЕДНЕВНЫЙ УЧЕТ'!$J:$J,$A110,'ЕЖЕДНЕВНЫЙ УЧЕТ'!$C:$C,N$1) -> 3 | O110: =COUNTIFS('ЕЖЕДНЕВНЫЙ УЧЕТ'!$J:$J,$A110,'ЕЖЕДНЕВНЫЙ УЧЕТ'!$C:$C,O$1) -> 316 | P110: =COUNTIFS('ЕЖЕДНЕВНЫЙ УЧЕТ'!$J:$J,$A110,'ЕЖЕДНЕВНЫЙ УЧЕТ'!$C:$C,P$1) -> 0 | Q110: =COUNTIFS('ЕЖЕДНЕВНЫЙ УЧЕТ'!$J:$J,$A110,'ЕЖЕДНЕВНЫЙ УЧЕТ'!$C:$C,Q$1) -> 32 | R110: =COUNTIFS('ЕЖЕДНЕВНЫЙ УЧЕТ'!$J:$J,$A110,'ЕЖЕДНЕВНЫЙ УЧЕТ'!$C:$C,R$1) -> 0 | ... AU110: =COUNTIFS('ЕЖЕДНЕВНЫЙ УЧЕТ'!$J:$J,$A110,'ЕЖЕДНЕВНЫЙ УЧЕТ'!$C:$C,AU$1) -> 0
A111: Монтажник санитарно-технических систем и оборудования | B111: =COUNTIF('ЕЖЕДНЕВНЫЙ УЧЕТ'!J:J,СВОД!A111) -> 313 | C111: =IFERROR(B111/$B$121,"") -> 0.022880117 | K111: =COUNTIFS('ЕЖЕДНЕВНЫЙ УЧЕТ'!$J:$J,$A111,'ЕЖЕДНЕВНЫЙ УЧЕТ'!$C:$C,K$1) -> 0 | L111: =COUNTIFS('ЕЖЕДНЕВНЫЙ УЧЕТ'!$J:$J,$A111,'ЕЖЕДНЕВНЫЙ УЧЕТ'!$C:$C,L$1) -> 2 | M111: =COUNTIFS('ЕЖЕДНЕВНЫЙ УЧЕТ'!$J:$J,$A111,'ЕЖЕДНЕВНЫЙ УЧЕТ'!$C:$C,M$1) -> 1 | N111: =COUNTIFS('ЕЖЕДНЕВНЫЙ УЧЕТ'!$J:$J,$A111,'ЕЖЕДНЕВНЫЙ УЧЕТ'!$C:$C,N$1) -> 0 | O111: =COUNTIFS('ЕЖЕДНЕВНЫЙ УЧЕТ'!$J:$J,$A111,'ЕЖЕДНЕВНЫЙ УЧЕТ'!$C:$C,O$1) -> 3 | P111: =COUNTIFS('ЕЖЕДНЕВНЫЙ УЧЕТ'!$J:$J,$A111,'ЕЖЕДНЕВНЫЙ УЧЕТ'!$C:$C,P$1) -> 0 | Q111: =COUNTIFS('ЕЖЕДНЕВНЫЙ УЧЕТ'!$J:$J,$A111,'ЕЖЕДНЕВНЫЙ УЧЕТ'!$C:$C,Q$1) -> 1 | R111: =COUNTIFS('ЕЖЕДНЕВНЫЙ УЧЕТ'!$J:$J,$A111,'ЕЖЕДНЕВНЫЙ УЧЕТ'!$C:$C,R$1) -> 0 | ... AU111: =COUNTIFS('ЕЖЕДНЕВНЫЙ УЧЕТ'!$J:$J,$A111,'ЕЖЕДНЕВНЫЙ УЧЕТ'!$C:$C,AU$1) -> 2
A112: Газорезчик | B112: =COUNTIF('ЕЖЕДНЕВНЫЙ УЧЕТ'!J:J,СВОД!A112) -> 4 | C112: =IFERROR(B112/$B$121,"") -> 0.00029239766 | K112: =COUNTIFS('ЕЖЕДНЕВНЫЙ УЧЕТ'!$J:$J,$A112,'ЕЖЕДНЕВНЫЙ УЧЕТ'!$C:$C,K$1) -> 0 | L112: =COUNTIFS('ЕЖЕДНЕВНЫЙ УЧЕТ'!$J:$J,$A112,'ЕЖЕДНЕВНЫЙ УЧЕТ'!$C:$C,L$1) -> 0 | M112: =COUNTIFS('ЕЖЕДНЕВНЫЙ УЧЕТ'!$J:$J,$A112,'ЕЖЕДНЕВНЫЙ УЧЕТ'!$C:$C,M$1) -> 1 | N112: =COUNTIFS('ЕЖЕДНЕВНЫЙ УЧЕТ'!$J:$J,$A112,'ЕЖЕДНЕВНЫЙ УЧЕТ'!$C:$C,N$1) -> 0 | O112: =COUNTIFS('ЕЖЕДНЕВНЫЙ УЧЕТ'!$J:$J,$A112,'ЕЖЕДНЕВНЫЙ УЧЕТ'!$C:$C,O$1) -> 0 | P112: =COUNTIFS('ЕЖЕДНЕВНЫЙ УЧЕТ'!$J:$J,$A112,'ЕЖЕДНЕВНЫЙ УЧЕТ'!$C:$C,P$1) -> 0 | Q112: =COUNTIFS('ЕЖЕДНЕВНЫЙ УЧЕТ'!$J:$J,$A112,'ЕЖЕДНЕВНЫЙ УЧЕТ'!$C:$C,Q$1) -> 0 | R112: =COUNTIFS('ЕЖЕДНЕВНЫЙ УЧЕТ'!$J:$J,$A112,'ЕЖЕДНЕВНЫЙ УЧЕТ'!$C:$C,R$1) -> 0 | ... AU112: =COUNTIFS('ЕЖЕДНЕВНЫЙ УЧЕТ'!$J:$J,$A112,'ЕЖЕДНЕВНЫЙ УЧЕТ'!$C:$C,AU$1) -> 0
A113: Монтажник технологических трубопроводов | B113: =COUNTIF('ЕЖЕДНЕВНЫЙ УЧЕТ'!J:J,СВОД!A113) -> 650 | C113: =IFERROR(B113/$B$121,"") -> 0.04751462 | K113: =COUNTIFS('ЕЖЕДНЕВНЫЙ УЧЕТ'!$J:$J,$A113,'ЕЖЕДНЕВНЫЙ УЧЕТ'!$C:$C,K$1) -> 0 | L113: =COUNTIFS('ЕЖЕДНЕВНЫЙ УЧЕТ'!$J:$J,$A113,'ЕЖЕДНЕВНЫЙ УЧЕТ'!$C:$C,L$1) -> 3 | M113: =COUNTIFS('ЕЖЕДНЕВНЫЙ УЧЕТ'!$J:$J,$A113,'ЕЖЕДНЕВНЫЙ УЧЕТ'!$C:$C,M$1) -> 0 | N113: =COUNTIFS('ЕЖЕДНЕВНЫЙ УЧЕТ'!$J:$J,$A113,'ЕЖЕДНЕВНЫЙ УЧЕТ'!$C:$C,N$1) -> 0 | O113: =COUNTIFS('ЕЖЕДНЕВНЫЙ УЧЕТ'!$J:$J,$A113,'ЕЖЕДНЕВНЫЙ УЧЕТ'!$C:$C,O$1) -> 4 | P113: =COUNTIFS('ЕЖЕДНЕВНЫЙ УЧЕТ'!$J:$J,$A113,'ЕЖЕДНЕВНЫЙ УЧЕТ'!$C:$C,P$1) -> 0 | Q113: =COUNTIFS('ЕЖЕДНЕВНЫЙ УЧЕТ'!$J:$J,$A113,'ЕЖЕДНЕВНЫЙ УЧЕТ'!$C:$C,Q$1) -> 0 | R113: =COUNTIFS('ЕЖЕДНЕВНЫЙ УЧЕТ'!$J:$J,$A113,'ЕЖЕДНЕВНЫЙ УЧЕТ'!$C:$C,R$1) -> 0 | ... AU113: =COUNTIFS('ЕЖЕДНЕВНЫЙ УЧЕТ'!$J:$J,$A113,'ЕЖЕДНЕВНЫЙ УЧЕТ'!$C:$C,AU$1) -> 0
A114: Монтажник систем вентиляции, кондиционирования воздуха, пневмотранспорта и аспирации | B114: =COUNTIF('ЕЖЕДНЕВНЫЙ УЧЕТ'!J:J,СВОД!A114) -> 145 | C114: =IFERROR(B114/$B$121,"") -> 0.010599415 | K114: =COUNTIFS('ЕЖЕДНЕВНЫЙ УЧЕТ'!$J:$J,$A114,'ЕЖЕДНЕВНЫЙ УЧЕТ'!$C:$C,K$1) -> 0 | L114: =COUNTIFS('ЕЖЕДНЕВНЫЙ УЧЕТ'!$J:$J,$A114,'ЕЖЕДНЕВНЫЙ УЧЕТ'!$C:$C,L$1) -> 0 | M114: =COUNTIFS('ЕЖЕДНЕВНЫЙ УЧЕТ'!$J:$J,$A114,'ЕЖЕДНЕВНЫЙ УЧЕТ'!$C:$C,M$1) -> 3 | N114: =COUNTIFS('ЕЖЕДНЕВНЫЙ УЧЕТ'!$J:$J,$A114,'ЕЖЕДНЕВНЫЙ УЧЕТ'!$C:$C,N$1) -> 0 | O114: =COUNTIFS('ЕЖЕДНЕВНЫЙ УЧЕТ'!$J:$J,$A114,'ЕЖЕДНЕВНЫЙ УЧЕТ'!$C:$C,O$1) -> 2 | P114: =COUNTIFS('ЕЖЕДНЕВНЫЙ УЧЕТ'!$J:$J,$A114,'ЕЖЕДНЕВНЫЙ УЧЕТ'!$C:$C,P$1) -> 0 | Q114: =COUNTIFS('ЕЖЕДНЕВНЫЙ УЧЕТ'!$J:$J,$A114,'ЕЖЕДНЕВНЫЙ УЧЕТ'!$C:$C,Q$1) -> 0 | R114: =COUNTIFS('ЕЖЕДНЕВНЫЙ УЧЕТ'!$J:$J,$A114,'ЕЖЕДНЕВНЫЙ УЧЕТ'!$C:$C,R$1) -> 0 | ... AU114: =COUNTIFS('ЕЖЕДНЕВНЫЙ УЧЕТ'!$J:$J,$A114,'ЕЖЕДНЕВНЫЙ УЧЕТ'!$C:$C,AU$1) -> 0
A115: Электромонтер по ремонту и обслуживанию электрооборудования | B115: =COUNTIF('ЕЖЕДНЕВНЫЙ УЧЕТ'!J:J,СВОД!A115) -> 9 | C115: =IFERROR(B115/$B$121,"") -> 0.00065789474 | K115: =COUNTIFS('ЕЖЕДНЕВНЫЙ УЧЕТ'!$J:$J,$A115,'ЕЖЕДНЕВНЫЙ УЧЕТ'!$C:$C,K$1) -> 0 | L115: =COUNTIFS('ЕЖЕДНЕВНЫЙ УЧЕТ'!$J:$J,$A115,'ЕЖЕДНЕВНЫЙ УЧЕТ'!$C:$C,L$1) -> 0 | M115: =COUNTIFS('ЕЖЕДНЕВНЫЙ УЧЕТ'!$J:$J,$A115,'ЕЖЕДНЕВНЫЙ УЧЕТ'!$C:$C,M$1) -> 0 | N115: =COUNTIFS('ЕЖЕДНЕВНЫЙ УЧЕТ'!$J:$J,$A115,'ЕЖЕДНЕВНЫЙ УЧЕТ'!$C:$C,N$1) -> 0 | O115: =COUNTIFS('ЕЖЕДНЕВНЫЙ УЧЕТ'!$J:$J,$A115,'ЕЖЕДНЕВНЫЙ УЧЕТ'!$C:$C,O$1) -> 0 | P115: =COUNTIFS('ЕЖЕДНЕВНЫЙ УЧЕТ'!$J:$J,$A115,'ЕЖЕДНЕВНЫЙ УЧЕТ'!$C:$C,P$1) -> 0 | Q115: =COUNTIFS('ЕЖЕДНЕВНЫЙ УЧЕТ'!$J:$J,$A115,'ЕЖЕДНЕВНЫЙ УЧЕТ'!$C:$C,Q$1) -> 0 | R115: =COUNTIFS('ЕЖЕДНЕВНЫЙ УЧЕТ'!$J:$J,$A115,'ЕЖЕДНЕВНЫЙ УЧЕТ'!$C:$C,R$1) -> 0 | ... AU115: =COUNTIFS('ЕЖЕДНЕВНЫЙ УЧЕТ'!$J:$J,$A115,'ЕЖЕДНЕВНЫЙ УЧЕТ'!$C:$C,AU$1) -> 0
A116: Руководитель группы поддержки персонала | B116: =COUNTIF('ЕЖЕДНЕВНЫЙ УЧЕТ'!J:J,СВОД!A116) -> 0 | C116: =IFERROR(B116/$B$121,"") -> 0 | K116: =COUNTIFS('ЕЖЕДНЕВНЫЙ УЧЕТ'!$J:$J,$A116,'ЕЖЕДНЕВНЫЙ УЧЕТ'!$C:$C,K$1) -> 0 | L116: =COUNTIFS('ЕЖЕДНЕВНЫЙ УЧЕТ'!$J:$J,$A116,'ЕЖЕДНЕВНЫЙ УЧЕТ'!$C:$C,L$1) -> 0 | M116: =COUNTIFS('ЕЖЕДНЕВНЫЙ УЧЕТ'!$J:$J,$A116,'ЕЖЕДНЕВНЫЙ УЧЕТ'!$C:$C,M$1) -> 0 | N116: =COUNTIFS('ЕЖЕДНЕВНЫЙ УЧЕТ'!$J:$J,$A116,'ЕЖЕДНЕВНЫЙ УЧЕТ'!$C:$C,N$1) -> 0 | O116: =COUNTIFS('ЕЖЕДНЕВНЫЙ УЧЕТ'!$J:$J,$A116,'ЕЖЕДНЕВНЫЙ УЧЕТ'!$C:$C,O$1) -> 0 | P116: =COUNTIFS('ЕЖЕДНЕВНЫЙ УЧЕТ'!$J:$J,$A116,'ЕЖЕДНЕВНЫЙ УЧЕТ'!$C:$C,P$1) -> 0 | Q116: =COUNTIFS('ЕЖЕДНЕВНЫЙ УЧЕТ'!$J:$J,$A116,'ЕЖЕДНЕВНЫЙ УЧЕТ'!$C:$C,Q$1) -> 0 | R116: =COUNTIFS('ЕЖЕДНЕВНЫЙ УЧЕТ'!$J:$J,$A116,'ЕЖЕДНЕВНЫЙ УЧЕТ'!$C:$C,R$1) -> 0 | ... AU116: =COUNTIFS('ЕЖЕДНЕВНЫЙ УЧЕТ'!$J:$J,$A116,'ЕЖЕДНЕВНЫЙ УЧЕТ'!$C:$C,AU$1) -> 0
A117: Ведущий специалист группы поддержки персонала | B117: =COUNTIF('ЕЖЕДНЕВНЫЙ УЧЕТ'!J:J,СВОД!A117) -> 2 | C117: =IFERROR(B117/$B$121,"") -> 0.00014619883 | K117: =COUNTIFS('ЕЖЕДНЕВНЫЙ УЧЕТ'!$J:$J,$A117,'ЕЖЕДНЕВНЫЙ УЧЕТ'!$C:$C,K$1) -> 0 | L117: =COUNTIFS('ЕЖЕДНЕВНЫЙ УЧЕТ'!$J:$J,$A117,'ЕЖЕДНЕВНЫЙ УЧЕТ'!$C:$C,L$1) -> 0 | M117: =COUNTIFS('ЕЖЕДНЕВНЫЙ УЧЕТ'!$J:$J,$A117,'ЕЖЕДНЕВНЫЙ УЧЕТ'!$C:$C,M$1) -> 0 | N117: =COUNTIFS('ЕЖЕДНЕВНЫЙ УЧЕТ'!$J:$J,$A117,'ЕЖЕДНЕВНЫЙ УЧЕТ'!$C:$C,N$1) -> 0 | O117: =COUNTIFS('ЕЖЕДНЕВНЫЙ УЧЕТ'!$J:$J,$A117,'ЕЖЕДНЕВНЫЙ УЧЕТ'!$C:$C,O$1) -> 0 | P117: =COUNTIFS('ЕЖЕДНЕВНЫЙ УЧЕТ'!$J:$J,$A117,'ЕЖЕДНЕВНЫЙ УЧЕТ'!$C:$C,P$1) -> 0 | Q117: =COUNTIFS('ЕЖЕДНЕВНЫЙ УЧЕТ'!$J:$J,$A117,'ЕЖЕДНЕВНЫЙ УЧЕТ'!$C:$C,Q$1) -> 0 | R117: =COUNTIFS('ЕЖЕДНЕВНЫЙ УЧЕТ'!$J:$J,$A117,'ЕЖЕДНЕВНЫЙ УЧЕТ'!$C:$C,R$1) -> 0 | ... AU117: =COUNTIFS('ЕЖЕДНЕВНЫЙ УЧЕТ'!$J:$J,$A117,'ЕЖЕДНЕВНЫЙ УЧЕТ'!$C:$C,AU$1) -> 0
A118: Специалист группы поддержки персонала | B118: =COUNTIF('ЕЖЕДНЕВНЫЙ УЧЕТ'!J:J,СВОД!A118) -> 2 | C118: =IFERROR(B118/$B$121,"") -> 0.00014619883 | K118: =COUNTIFS('ЕЖЕДНЕВНЫЙ УЧЕТ'!$J:$J,$A118,'ЕЖЕДНЕВНЫЙ УЧЕТ'!$C:$C,K$1) -> 0 | L118: =COUNTIFS('ЕЖЕДНЕВНЫЙ УЧЕТ'!$J:$J,$A118,'ЕЖЕДНЕВНЫЙ УЧЕТ'!$C:$C,L$1) -> 0 | M118: =COUNTIFS('ЕЖЕДНЕВНЫЙ УЧЕТ'!$J:$J,$A118,'ЕЖЕДНЕВНЫЙ УЧЕТ'!$C:$C,M$1) -> 0 | N118: =COUNTIFS('ЕЖЕДНЕВНЫЙ УЧЕТ'!$J:$J,$A118,'ЕЖЕДНЕВНЫЙ УЧЕТ'!$C:$C,N$1) -> 0 | O118: =COUNTIFS('ЕЖЕДНЕВНЫЙ УЧЕТ'!$J:$J,$A118,'ЕЖЕДНЕВНЫЙ УЧЕТ'!$C:$C,O$1) -> 0 | P118: =COUNTIFS('ЕЖЕДНЕВНЫЙ УЧЕТ'!$J:$J,$A118,'ЕЖЕДНЕВНЫЙ УЧЕТ'!$C:$C,P$1) -> 0 | Q118: =COUNTIFS('ЕЖЕДНЕВНЫЙ УЧЕТ'!$J:$J,$A118,'ЕЖЕДНЕВНЫЙ УЧЕТ'!$C:$C,Q$1) -> 0 | R118: =COUNTIFS('ЕЖЕДНЕВНЫЙ УЧЕТ'!$J:$J,$A118,'ЕЖЕДНЕВНЫЙ УЧЕТ'!$C:$C,R$1) -> 0 | ... AU118: =COUNTIFS('ЕЖЕДНЕВНЫЙ УЧЕТ'!$J:$J,$A118,'ЕЖЕДНЕВНЫЙ УЧЕТ'!$C:$C,AU$1) -> 0
...

Sheet Структура рабочих
B5: СТРУКТУРА РАБОЧИХ ООО ВелесстройМонтаж
B6: ='ЕЖЕДНЕВНЫЙ УЧЕТ'!$B$1 -> 46139 | C6: ИТР | E6: Рабочие | G6: ИТОГО
B7: Гражданство | C7: =SUM(C8:C30) -> 2113 | E7: =SUM(E8:E30) -> 11567 | G7: =SUM(G8:G30) -> 13680
B8: АЗЕРБАЙДЖАН | C8: =СВОД!F2 -> 0 | D8: =СВОД!G2 -> 0 | E8: =СВОД!H2 -> 0 | F8: =СВОД!I2 -> 0 | G8: =SUM(C8,E8) -> 0 | H8: =IFERROR(G8/$G$7,"") -> 0
B9: АРМЕНИЯ | C9: =СВОД!F3 -> 1 | D9: =СВОД!G3 -> 0.00047326077 | E9: =СВОД!H3 -> 0 | F9: =СВОД!I3 -> 0 | G9: =SUM(C9,E9) -> 1 | H9: =IFERROR(G9/$G$7,"") -> 7.3099415e-05
B10: БЕЛАРУСЬ | C10: =СВОД!F4 -> 30 | D10: =СВОД!G4 -> 0.014197823 | E10: =СВОД!H4 -> 52 | F10: =СВОД!I4 -> 0.0044955477 | G10: =SUM(C10,E10) -> 82 | H10: =IFERROR(G10/$G$7,"") -> 0.005994152
B11: БОСНИЯ И ГЕРЦЕГОВИНА | C11: =СВОД!F5 -> 17 | D11: =СВОД!G5 -> 0.008045433 | E11: =СВОД!H5 -> 3 | F11: =СВОД!I5 -> 0.00025935852 | G11: =SUM(C11,E11) -> 20 | H11: =IFERROR(G11/$G$7,"") -> 0.0014619883
B12: ГАНА | C12: =СВОД!F6 -> 0 | D12: =СВОД!G6 -> 0 | E12: =СВОД!H6 -> 0 | F12: =СВОД!I6 -> 0 | G12: =SUM(C12,E12) -> 0 | H12: =IFERROR(G12/$G$7,"") -> 0
B13: ИНДИЯ | C13: =СВОД!F7 -> 105 | D13: =СВОД!G7 -> 0.049692381 | E13: =СВОД!H7 -> 1781 | F13: =СВОД!I7 -> 0.15397251 | G13: =SUM(C13,E13) -> 1886 | H13: =IFERROR(G13/$G$7,"") -> 0.1378655
B14: КАЗАХСТАН | C14: =СВОД!F8 -> 256 | D14: =СВОД!G8 -> 0.12115476 | E14: =СВОД!H8 -> 2384 | F14: =СВОД!I8 -> 0.20610357 | G14: =SUM(C14,E14) -> 2640 | H14: =IFERROR(G14/$G$7,"") -> 0.19298246
B15: КИРГИЗИЯ | C15: =СВОД!F9 -> 144 | D15: =СВОД!G9 -> 0.06814955 | E15: =СВОД!H9 -> 1803 | F15: =СВОД!I9 -> 0.15587447 | G15: =SUM(C15,E15) -> 1947 | H15: =IFERROR(G15/$G$7,"") -> 0.14232456
B16: КИТАЙ | C16: =СВОД!F10 -> 9 | D16: =СВОД!G10 -> 0.0042593469 | E16: =СВОД!H10 -> 72 | F16: =СВОД!I10 -> 0.0062246045 | G16: =SUM(C16,E16) -> 81 | H16: =IFERROR(G16/$G$7,"") -> 0.0059210526
B17: МОЛДОВА, РЕСПУБЛИКА | C17: =СВОД!F11 -> 0 | D17: =СВОД!G11 -> 0 | E17: =СВОД!H11 -> 0 | F17: =СВОД!I11 -> 0 | G17: =SUM(C17,E17) -> 0 | H17: =IFERROR(G17/$G$7,"") -> 0
B18: ПАКИСТАН | C18: =СВОД!F12 -> 1 | D18: =СВОД!G12 -> 0.00047326077 | E18: =СВОД!H12 -> 0 | F18: =СВОД!I12 -> 0 | G18: =SUM(C18,E18) -> 1 | H18: =IFERROR(G18/$G$7,"") -> 7.3099415e-05
B19: РОССИЯ | C19: =СВОД!F13 -> 1116 | D19: =СВОД!G13 -> 0.52815902 | E19: =СВОД!H13 -> 531 | F19: =СВОД!I13 -> 0.045906458 | G19: =SUM(C19,E19) -> 1647 | H19: =IFERROR(G19/$G$7,"") -> 0.12039474
... B30: ЧЕРНОГОРИЯ | C30: =СВОД!F24 -> 1 | D30: =СВОД!G24 -> 0.00047326077 | E30: =СВОД!H24 -> 0 | F30: =СВОД!I24 -> 0 | G30: =SUM(C30,E30) -> 1 | H30: =IFERROR(G30/$G$7,"") -> 7.3099415e-05
B31: Участок/Отдел | C31: =SUM(C32:C46) -> 2113 | E31: =SUM(E32:E46) -> 11567 | G31: =SUM(G32:G46) -> 13680
B32: Административно-управленческий персонал | C32: =+СВОД!F30 -> 1233 | D32: =+СВОД!G30 -> 0.58353053 | E32: =+СВОД!H30 -> 0 | F32: =+СВОД!I30 -> 0 | G32: =SUM(C32,E32) -> 1233 | H32: =IFERROR(G32/$G$31,"") -> 0.090131579
B33: Вспомагательное произв. и непром. персонал | C33: =+СВОД!F31 -> 116 | D33: =+СВОД!G31 -> 0.054898249 | E33: =+СВОД!H31 -> 0 | F33: =+СВОД!I31 -> 0 | G33: =SUM(C33,E33) -> 116 | H33: =IFERROR(G33/$G$31,"") -> 0.0084795322
B34: Участок монолитно-бетонных работ | C34: =+СВОД!F34 -> 309 | D34: =+СВОД!G34 -> 0.14623758 | E34: =+СВОД!H34 -> 4121 | F34: =+СВОД!I34 -> 0.35627215 | G34: =SUM(C34,E34) -> 4430 | H34: =IFERROR(G34/$G$31,"") -> 0.32383041
B35: Участок отделочных работ | C35: =+СВОД!F35 -> 75 | D35: =+СВОД!G35 -> 0.035494558 | E35: =+СВОД!H35 -> 1290 | F35: =+СВОД!I35 -> 0.11152416 | G35: =SUM(C35,E35) -> 1365 | H35: =IFERROR(G35/$G$31,"") -> 0.099780702
B36: Участок по антикоррозийной защите | C36: =+СВОД!F36 -> 98 | D36: =+СВОД!G36 -> 0.046379555 | E36: =+СВОД!H36 -> 2012 | F36: =+СВОД!I36 -> 0.17394311 | G36: =SUM(C36,E36) -> 2110 | H36: =IFERROR(G36/$G$31,"") -> 0.15423977
B37: Участок отопления и вентиляции | C37: =+СВОД!F37 -> 19 | D37: =+СВОД!G37 -> 0.0089919546 | E37: =+СВОД!H37 -> 349 | F37: =+СВОД!I37 -> 0.030172041 | G37: =SUM(C37,E37) -> 368 | H37: =IFERROR(G37/$G$31,"") -> 0.026900585
B38: Участок водоотведения и канализации | C38: =+СВОД!F38 -> 8 | D38: =+СВОД!G38 -> 0.0037860861 | E38: =+СВОД!H38 -> 140 | F38: =+СВОД!I38 -> 0.012103398 | G38: =SUM(C38,E38) -> 148 | H38: =IFERROR(G38/$G$31,"") -> 0.010818713
B39: Участок земляных работ | C39: =+СВОД!F39 -> 16 | D39: =+СВОД!G39 -> 0.0075721723 | E39: =+СВОД!H39 -> 382 | F39: =+СВОД!I39 -> 0.033024985 | G39: =SUM(C39,E39) -> 398 | H39: =IFERROR(G39/$G$31,"") -> 0.029093567
B40: Участок по монтажу теплоизоляции | C40: =+СВОД!F40 -> 59 | D40: =+СВОД!G40 -> 0.027922385 | E40: =+СВОД!H40 -> 665 | F40: =+СВОД!I40 -> 0.057491139 | G40: =SUM(C40,E40) -> 724 | H40: =IFERROR(G40/$G$31,"") -> 0.052923977
B41: Участок по монтажу строительных лесов | C41: =+СВОД!F41 -> 130 | D41: =+СВОД!G41 -> 0.0615239 | E41: =+СВОД!H41 -> 1662 | F41: =+СВОД!I41 -> 0.14368462 | G41: =SUM(C41,E41) -> 1792 | H41: =IFERROR(G41/$G$31,"") -> 0.13099415
B42: Участок коммуникационных, инженерных, наружных и внутренних сетей трубопроводов | C42: =+СВОД!F42 -> 40 | D42: =+СВОД!G42 -> 0.018930431 | E42: =+СВОД!H42 -> 830 | F42: =+СВОД!I42 -> 0.071755857 | G42: =SUM(C42,E42) -> 870 | H42: =IFERROR(G42/$G$31,"") -> 0.063596491
B43: Участок подготовительных работ | C43: =+СВОД!F43 -> 2 | D43: =+СВОД!G43 -> 0.00094652153 | E43: =+СВОД!H43 -> 3 | F43: =+СВОД!I43 -> 0.00025935852 | G43: =SUM(C43,E43) -> 5 | H43: =IFERROR(G43/$G$31,"") -> 0.00036549708
B44: Участок буровых и свайных работ | C44: =+СВОД!F44 -> 8 | D44: =+СВОД!G44 -> 0.0037860861 | E44: =+СВОД!H44 -> 47 | F44: =+СВОД!I44 -> 0.0040632835 | G44: =SUM(C44,E44) -> 55 | H44: =IFERROR(G44/$G$31,"") -> 0.0040204678
B45: Бригада ВЗиС | C45: =+СВОД!F45 -> 0 | D45: =+СВОД!G45 -> 0 | E45: =+СВОД!H45 -> 57 | F45: =+СВОД!I45 -> 0.0049278119 | G45: =SUM(C45,E45) -> 57 | H45: =IFERROR(G45/$G$31,"") -> 0.0041666667
B46: Участок энергетики и электротехнических работ | C46: =+СВОД!F46 -> 0 | D46: =+СВОД!G46 -> 0 | E46: =+СВОД!H46 -> 9 | F46: =+СВОД!I46 -> 0.00077807556 | G46: =SUM(C46,E46) -> 9 | H46: =IFERROR(G46/$G$31,"") -> 0.00065789474

Sheet Настройка
B3: Гражданство | C3: Наименование ( должность, специальность, профессия) | E3: Участок/Отдел | G3: Виза | H3: Вид визы
B4: АЗЕРБАЙДЖАН | C4: Руководитель проекта | D4: ITR | E4: АУП | F4: Административно-управленческий персонал | G4: ВКС | H4: Однократная
B5: АРМЕНИЯ | C5: Заместитель руководителя проекта по строительству | D5: ITR | E5: ВП и НП | F5: Вспомагательное производство и непромишленный персонал | G5: Деловая | H5: Многократная
B6: БЕЛАРУСЬ | C6: Главный инженер | D6: ITR | E6: Участок МБР | F6: Участок монолитно-бетонных работ | G6: Рабочая
B7: БОСНИЯ И ГЕРЦЕГОВИНА | C7: Заместитель руководителя проекта по общим вопросам | D7: ITR | E7: Участок ОР | F7: Участок отделочных работ | G7: РВП
B8: ГАНА | C8: Руководитель объекта | D8: ITR | E8: Участок АКЗ | F8: Участок по антикоррозийной защите | G8: Вид на жительство
B9: ИНДИЯ | C9: Руководитель группы трудовой миграции | D9: ITR | E9: Участок ОиВ | F9: Участок отопления и вентиляции | G9: Турист
B10: КАЗАХСТАН | C10: Главный специалист группы трудовой миграции | D10: ITR | E10: Участок ВиК | F10: Участок водоотведения и канализации
B11: КИРГИЗИЯ | C11: Ведущий специалист группы трудовой миграции | D11: ITR | E11: Участок ЗР | F11: Участок земляных работ
B12: КИТАЙ | C12: Специалист группы трудовой миграции | D12: ITR | E12: Участок ТИ | F12: Участок по монтажу теплоизоляции
B13: МОЛДОВА, РЕСПУБЛИКА | C13: Руководитель группы кадрового документооборота | D13: ITR | E13: Участок ЛС | F13: Участок по монтажу строительных лесов
B14: ПАКИСТАН | C14: Главный специалист по кадрам | D14: ITR | E14: Участок ВиКM | F14: Участок коммуникационных, инженерных, наружных и внутренних сетей трубопроводов
B15: РОССИЯ | C15: Ведущий специалист по кадрам | D15: ITR | E15: Участок ПР | F15: Участок подготовительных работ
B16: СЕВЕРНАЯ КОРЕЯ | C16: Специалист по кадрам | D16: ITR | E16: Участок БиСР | F16: Участок буровых и свайных работ
B17: СЕВЕРНАЯ МАКЕДОНИЯ | C17: Ведущий специалист группы по подбору и адаптации | D17: ITR | E17: Бригада ВЗиС | F17: Бригада ВЗиС
B18: СЕРБИЯ | C18: Специалист группы по подбору и адаптации | D18: ITR | E18: Участок ЭиЭР | F18: Участок энергетики и электротехнических работ
B19: СИРИЙСКАЯ АРАБСКАЯ РЕСПУБЛИКА | C19: Ведуший специалист группы по обучению | D19: ITR
B20: ТАДЖИКИСТАН | C20: Специалист группы по обучению | D20: ITR
B21: ТУРКМЕНИСТАН | C21: Руководитель группы мобилизации и координации | D21: ITR
B22: ТУРЦИЯ | C22: Главный специалист группы мобилизации и координации | D22: ITR
B23: УЗБЕКИСТАН | C23: Ведущий специалист группы мобилизации и координации | D23: ITR
B24: УКРАИНА | C24: Специалист группы мобилизации и координации | D24: ITR
B25: ХОРВАТИЯ | C25: Диспетчер группы мобилизации и координации | D25: ITR
B26: ЧЕРНОГОРИЯ | C26: Руководитель группы экономики труда | D26: ITR
C27: Ведущий экономист по труду | D27: ITR
C28: Экономист по труду | D28: ITR
C29: Экономист | D29: ITR
C30: Делопроизводитель | D30: ITR
C31: Секретарь руководителя | D31: ITR
C32: Старший бухгалтер | D32: ITR
C33: Бухгалтер | D33: ITR
C34: Начальник ОТ ПБ и ООС | D34: ITR
C35: Заместитель начальника ОТ ПБ и ООС | D35: ITR
C36: Специалист по охране труда (офис) | D36: ITR
C37: Специалист по охране труда (полевой) | D37: ITR
C38: Специалист по здоровью | D38: ITR
... C121: Системный администратор | D121: ITR
